,Fish Species,Cover,Area,Weight,Weight in LBS,Depth,ID
0,Largemouth,Boat Docks,Lower Section Main Lake,2 - 06,2.375,0-5,Day1
1,Largemouth,Natural Rock,Bays/Pockets,2 - 07,2.4375,0-5,Day1
2,Largemouth,Rip Rap,Lower Section Main Lake,4 - 06,4.375,0-5,Day1
3,Largemouth,Natural Rock,Bays/Pockets,2 - 03,2.1875,0-5,Day1
4,Largemouth,Rip Rap,Bays/Pockets,3 - 14,3.875,0-5,Day1
5,Largemouth,Natural Rock,Bays/Pockets,2 - 01,2.0625,0-5,Day1
6,Largemouth,Natural Rock,Mid Section Main Lake,2 - 00,2.0,5-10,Day1
7,Largemouth,Boat Docks,Creeks,4 - 06,4.375,0-5,Day1
8,Largemouth,Boat Docks,Bays/Pockets,2 - 15,2.9375,5-10,Day1
9,Largemouth,Natural Rock,Mid Section Main Lake,2 - 02,2.125,5-10,Day1
10,Largemouth,Natural Rock,Bays/Pockets,3 - 10,3.625,0-5,Day1
11,Largemouth,Boat Docks,Bays/Pockets,2 - 15,2.9375,5-10,Day1
12,Largemouth,Boat Docks,Bays/Pockets,4 - 00,4.0,0-5,Day1
13,Largemouth,Natural Rock,Bays/Pockets,2 - 10,2.625,0-5,Day1
14,Largemouth,Natural Rock,Bays/Pockets,3 - 03,3.1875,0-5,Day1
15,Largemouth,Rip Rap,Lower Section Main Lake,2 - 01,2.0625,0-5,Day1
16,Largemouth,Boat Docks,Bays/Pockets,2 - 00,2.0,5-10,Day1
17,Largemouth,Natural Rock,Bays/Pockets,2 - 01,2.0625,0-5,Day1
18,Largemouth,Boat Docks,Lower Section Main Lake,2 - 10,2.625,0-5,Day1
19,Largemouth,Natural Rock,Lower Section Main Lake,2 - 01,2.0625,0-5,Day1
20,Largemouth,Boat Docks,Bays/Pockets,2 - 02,2.125,0-5,Day1
21,Largemouth,Boat Docks,Bays/Pockets,2 - 11,2.6875,0-5,Day1
22,Largemouth,Natural Rock,Bays/Pockets,2 - 08,2.5,0-5,Day1
23,Largemouth,Natural Rock,Creeks,2 - 00,2.0,0-5,Day1
24,Largemouth,Natural Rock,Bays/Pockets,4 - 02,4.125,0-5,Day1
25,Largemouth,Natural Rock,Lower Section Main Lake,3 - 08,3.5,0-5,Day1
26,Largemouth,Boat Docks,Bays/Pockets,2 - 00,2.0,0-5,Day1
27,Largemouth,Natural Rock,Creeks,2 - 10,2.625,0-5,Day1
28,Largemouth,Natural Rock,Bays/Pockets,2 - 03,2.1875,0-5,Day1
29,Largemouth,Boat Docks,Mid Section Main Lake,2 - 15,2.9375,5-10,Day1
30,Largemouth,Natural Rock,Creeks,2 - 03,2.1875,0-5,Day1
31,Largemouth,Natural Rock,Bays/Pockets,2 - 15,2.9375,5-10,Day1
32,Largemouth,Natural Rock,Bays/Pockets,5 - 06,5.375,0-5,Day1
33,Largemouth,Boat Docks,Lower Section Main Lake,3 - 00,3.0,0-5,Day1
34,Largemouth,Boat Docks,Bays/Pockets,3 - 12,3.75,0-5,Day1
35,Largemouth,Natural Rock,Mid Section Main Lake,2 - 11,2.6875,5-10,Day1
36,Largemouth,Natural Rock,Bays/Pockets,3 - 02,3.125,0-5,Day1
37,Largemouth,Natural Rock,Bays/Pockets,2 - 10,2.625,5-10,Day1
38,Largemouth,Boat Docks,Creeks,2 - 01,2.0625,0-5,Day1
39,Largemouth,Rip Rap,Bays/Pockets,2 - 01,2.0625,0-5,Day1
40,Largemouth,Boat Docks,Bays/Pockets,2 - 01,2.0625,15-20,Day1
41,Largemouth,Boat Docks,Lower Section Main Lake,2 - 02,2.125,5-10,Day1
42,Largemouth,Boat Docks,Bays/Pockets,2 - 13,2.8125,10-15,Day1
43,Largemouth,Boat Docks,Bays/Pockets,3 - 06,3.375,5-10,Day1
44,Largemouth,Natural Rock,Lower Section Main Lake,3 - 08,3.5,0-5,Day1
45,Largemouth,Boat Docks,Lower Section Main Lake,2 - 08,2.5,0-5,Day1
46,Largemouth,Natural Rock,Bays/Pockets,4 - 05,4.3125,0-5,Day1
47,Largemouth,Natural Rock,Mid Section Main Lake,2 - 03,2.1875,0-5,Day1
48,Largemouth,Lay Downs,Creeks,2 - 04,2.25,0-5,Day1
49,Largemouth,Natural Rock,Bays/Pockets,2 - 02,2.125,0-5,Day1
50,Largemouth,Boat Docks,Mid Section Main Lake,2 - 03,2.1875,5-10,Day1
51,Largemouth,Natural Rock,Creeks,2 - 12,2.75,0-5,Day1
52,Largemouth,Boat Docks,Bays/Pockets,4 - 06,4.375,10-15,Day1
53,Largemouth,Natural Rock,Bays/Pockets,4 - 03,4.1875,0-5,Day1
54,Largemouth,Rip Rap,Bays/Pockets,3 - 04,3.25,0-5,Day1
55,Largemouth,Natural Rock,River,2 - 01,2.0625,0-5,Day1
56,Largemouth,Point,Lower Section Main Lake,2 - 00,2.0,0-5,Day1
57,Largemouth,Boat Docks,Lower Section Main Lake,2 - 04,2.25,0-5,Day1
58,Largemouth,Rip Rap,Bays/Pockets,2 - 00,2.0,0-5,Day1
59,Largemouth,Natural Rock,Creeks,2 - 15,2.9375,0-5,Day1
60,Largemouth,Natural Rock,Mid Section Main Lake,4 - 11,4.6875,5-10,Day1
61,Largemouth,Natural Rock,Bays/Pockets,3 - 08,3.5,0-5,Day1
62,Largemouth,Boat Docks,Bays/Pockets,2 - 00,2.0,0-5,Day1
63,Largemouth,Natural Rock,Bays/Pockets,2 - 01,2.0625,0-5,Day1
64,Largemouth,Natural Rock,Mid Section Main Lake,4 - 01,4.0625,0-5,Day1
65,Largemouth,Natural Rock,Bays/Pockets,3 - 10,3.625,0-5,Day1
66,Largemouth,Natural Rock,Lower Section Main Lake,2 - 14,2.875,0-5,Day1
67,Largemouth,Natural Rock,Mid Section Main Lake,3 - 05,3.3125,5-10,Day1
68,Largemouth,Natural Rock,Bays/Pockets,2 - 07,2.4375,5-10,Day1
69,Largemouth,Marinas,Mid Section Main Lake,2 - 03,2.1875,0-5,Day1
70,Largemouth,Boat Docks,Bays/Pockets,2 - 03,2.1875,5-10,Day1
71,Largemouth,Natural Rock,Bays/Pockets,3 - 03,3.1875,0-5,Day1
72,Largemouth,Lay Downs,Mid Section Main Lake,3 - 01,3.0625,0-5,Day1
73,Largemouth,Boat Docks,Lower Section Main Lake,3 - 00,3.0,0-5,Day1
74,Largemouth,Lay Downs,Creeks,2 - 03,2.1875,0-5,Day1
75,Largemouth,Natural Rock,Mid Section Main Lake,3 - 02,3.125,5-10,Day1
76,Largemouth,Lay Downs,Creeks,2 - 06,2.375,0-5,Day1
77,Largemouth,Natural Rock,Mid Section Main Lake,3 - 10,3.625,0-5,Day1
78,Spotted,Natural Rock,Creeks,2 - 03,2.1875,0-5,Day1
79,Largemouth,Natural Rock,River,3 - 03,3.1875,0-5,Day1
80,Largemouth,Natural Rock,Bays/Pockets,2 - 03,2.1875,0-5,Day1
81,Largemouth,Boat Docks,Lower Section Main Lake,2 - 09,2.5625,0-5,Day1
82,Largemouth,Boat Docks,Bays/Pockets,2 - 02,2.125,0-5,Day1
83,Largemouth,Natural Rock,Mid Section Main Lake,5 - 11,5.6875,5-10,Day1
84,Largemouth,Rip Rap,Creeks,4 - 02,4.125,0-5,Day1
85,Largemouth,Natural Rock,Bays/Pockets,2 - 13,2.8125,0-5,Day1
86,Largemouth,Rip Rap,Bays/Pockets,2 - 13,2.8125,5-10,Day1
87,Largemouth,Natural Rock,Bays/Pockets,2 - 08,2.5,0-5,Day1
88,Largemouth,Lay Downs,Bays/Pockets,6 - 14,6.875,0-5,Day1
89,Largemouth,Natural Rock,Bays/Pockets,5 - 07,5.4375,0-5,Day1
90,Largemouth,Natural Rock,Bays/Pockets,2 - 12,2.75,0-5,Day1
91,Largemouth,Natural Rock,Creeks,2 - 02,2.125,0-5,Day1
92,Largemouth,Boat Docks,Bays/Pockets,6 - 12,6.75,20+,Day1
93,Spotted,Natural Rock,Creeks,2 - 01,2.0625,0-5,Day1
94,Largemouth,Natural Rock,Mid Section Main Lake,2 - 07,2.4375,5-10,Day1
95,Largemouth,Boat Docks,Bays/Pockets,2 - 01,2.0625,5-10,Day1
96,Largemouth,Natural Rock,Bays/Pockets,4 - 02,4.125,0-5,Day1
97,Largemouth,Natural Rock,Bays/Pockets,2 - 08,2.5,0-5,Day1
98,Largemouth,Boat Docks,Mid Section Main Lake,2 - 00,2.0,5-10,Day1
99,Largemouth,Boat Docks,Lower Section Main Lake,3 - 12,3.75,0-5,Day1
100,Largemouth,Lay Downs,Creeks,2 - 09,2.5625,0-5,Day1
101,Largemouth,Boat Docks,Bays/Pockets,2 - 05,2.3125,0-5,Day1
102,Spotted,Natural Rock,Lower Section Main Lake,2 - 06,2.375,0-5,Day1
103,Largemouth,Natural Rock,River,3 - 15,3.9375,0-5,Day1
104,Largemouth,Natural Rock,Creeks,2 - 12,2.75,0-5,Day1
105,Largemouth,Natural Rock,Mid Section Main Lake,2 - 01,2.0625,0-5,Day1
106,Largemouth,Boat Docks,Bays/Pockets,3 - 02,3.125,5-10,Day1
107,Largemouth,Lay Downs,Bays/Pockets,2 - 11,2.6875,0-5,Day1
108,Largemouth,Natural Rock,Bays/Pockets,4 - 04,4.25,0-5,Day1
109,Largemouth,Natural Rock,Creeks,2 - 03,2.1875,0-5,Day1
110,Largemouth,Natural Rock,Bays/Pockets,3 - 00,3.0,5-10,Day1
111,Largemouth,Natural Rock,Bays/Pockets,2 - 00,2.0,0-5,Day1
112,Largemouth,Boat Docks,Lower Section Main Lake,2 - 02,2.125,5-10,Day1
113,Largemouth,Boat Docks,Bays/Pockets,2 - 02,2.125,0-5,Day1
114,Largemouth,Boat Docks,Lower Section Main Lake,3 - 10,3.625,5-10,Day1
115,Largemouth,Boat Docks,Lower Section Main Lake,3 - 08,3.5,0-5,Day1
116,Largemouth,Natural Rock,Bays/Pockets,2 - 10,2.625,0-5,Day1
117,Largemouth,Natural Rock,Creeks,3 - 11,3.6875,0-5,Day1
118,Largemouth,Rip Rap,Bays/Pockets,2 - 01,2.0625,5-10,Day1
119,Largemouth,Natural Rock,Mid Section Main Lake,2 - 01,2.0625,0-5,Day1
120,Largemouth,Natural Rock,Bays/Pockets,2 - 00,2.0,0-5,Day1
121,Largemouth,Boat Docks,Bays/Pockets,4 - 06,4.375,0-5,Day1
122,Largemouth,Natural Rock,Mid Section Main Lake,2 - 02,2.125,5-10,Day1
123,Largemouth,Boat Docks,Bays/Pockets,2 - 11,2.6875,0-5,Day1
124,Largemouth,Boat Docks,Bays/Pockets,2 - 04,2.25,0-5,Day1
125,Largemouth,Boat Docks,Mid Section Main Lake,2 - 02,2.125,0-5,Day1
126,Largemouth,Boat Docks,Mid Section Main Lake,2 - 00,2.0,0-5,Day1
127,Largemouth,Natural Rock,Mid Section Main Lake,2 - 11,2.6875,5-10,Day1
128,Spotted,Natural Rock,Creeks,2 - 06,2.375,0-5,Day1
129,Largemouth,Natural Rock,River,6 - 00,6.0,0-5,Day1
130,Largemouth,Natural Rock,Bays/Pockets,3 - 12,3.75,0-5,Day1
131,Largemouth,Boat Docks,Bays/Pockets,3 - 11,3.6875,0-5,Day1
132,Largemouth,Natural Rock,Bays/Pockets,3 - 13,3.8125,0-5,Day1
133,Largemouth,Rip Rap,Creeks,2 - 10,2.625,0-5,Day1
134,Largemouth,Boat Docks,Mid Section Main Lake,3 - 14,3.875,0-5,Day1
135,Largemouth,Lay Downs,Bays/Pockets,2 - 10,2.625,0-5,Day1
136,Spotted,Boat Docks,Creeks,3 - 00,3.0,0-5,Day1
137,Largemouth,Boat Docks,Creeks,2 - 09,2.5625,5-10,Day1
138,Largemouth,Boat Docks,Bays/Pockets,4 - 10,4.625,0-5,Day1
139,Largemouth,Natural Rock,Bays/Pockets,2 - 02,2.125,5-10,Day1
140,Largemouth,Boat Docks,Mid Section Main Lake,3 - 13,3.8125,0-5,Day1
141,Largemouth,Marinas,Mid Section Main Lake,2 - 01,2.0625,0-5,Day1
142,Spotted,Boat Docks,Creeks,2 - 05,2.3125,0-5,Day1
143,Largemouth,Boat Docks,Creeks,4 - 15,4.9375,5-10,Day1
144,Largemouth,Boat Docks,Bays/Pockets,2 - 02,2.125,0-5,Day1
145,Largemouth,Boat Docks,Creeks,2 - 02,2.125,0-5,Day1
146,Largemouth,Boat Docks,Bays/Pockets,6 - 04,6.25,15-20,Day1
147,Largemouth,Natural Rock,Creeks,2 - 04,2.25,0-5,Day1
148,Largemouth,Natural Rock,Bays/Pockets,2 - 00,2.0,0-5,Day1
149,Largemouth,Natural Rock,Creeks,2 - 04,2.25,0-5,Day1
150,Largemouth,Boat Docks,Bays/Pockets,2 - 10,2.625,0-5,Day1
151,Largemouth,Boat Docks,Creeks,3 - 08,3.5,5-10,Day1
152,Spotted,Boat Docks,Creeks,2 - 00,2.0,0-5,Day1
153,Largemouth,Boat Docks,Creeks,3 - 09,3.5625,0-5,Day1
154,Largemouth,Natural Rock,River,2 - 08,2.5,0-5,Day1
155,Largemouth,Natural Rock,Lower Section Main Lake,2 - 09,2.5625,0-5,Day1
156,Largemouth,Natural Rock,Bays/Pockets,4 - 05,4.3125,0-5,Day1
157,Largemouth,Natural Rock,Bays/Pockets,4 - 04,4.25,0-5,Day1
158,Largemouth,Lay Downs,Mid Section Main Lake,2 - 04,2.25,0-5,Day1
159,Largemouth,Boat Docks,Mid Section Main Lake,2 - 12,2.75,5-10,Day1
160,Spotted,Boat Docks,Lower Section Main Lake,2 - 02,2.125,0-5,Day1
161,Largemouth,Boat Docks,Creeks,2 - 09,2.5625,0-5,Day1
162,Largemouth,Boat Docks,Creeks,2 - 02,2.125,0-5,Day1
163,Largemouth,Natural Rock,Bays/Pockets,3 - 11,3.6875,0-5,Day1
164,Largemouth,Boat Docks,Bays/Pockets,2 - 13,2.8125,0-5,Day1
165,Largemouth,Natural Rock,Creeks,2 - 14,2.875,0-5,Day1
166,Largemouth,Natural Rock,Bays/Pockets,4 - 09,4.5625,0-5,Day1
167,Largemouth,Boat Docks,Creeks,4 - 08,4.5,5-10,Day1
168,Largemouth,Natural Rock,Lower Section Main Lake,3 - 08,3.5,0-5,Day1
169,Largemouth,Boat Docks,Creeks,4 - 13,4.8125,0-5,Day1
170,Largemouth,Natural Rock,Bays/Pockets,2 - 02,2.125,0-5,Day1
171,Largemouth,Boat Docks,Bays/Pockets,2 - 03,2.1875,0-5,Day1
172,Largemouth,Boat Docks,Bays/Pockets,2 - 08,2.5,0-5,Day1
173,Largemouth,Natural Rock,Bays/Pockets,4 - 05,4.3125,0-5,Day1
174,Spotted,Boat Docks,Lower Section Main Lake,2 - 00,2.0,0-5,Day1
175,Largemouth,Boat Docks,Creeks,2 - 10,2.625,0-5,Day1
176,Largemouth,Natural Rock,Creeks,2 - 02,2.125,0-5,Day1
177,Largemouth,Natural Rock,Bays/Pockets,2 - 01,2.0625,0-5,Day1
178,Largemouth,Natural Rock,Bays/Pockets,2 - 03,2.1875,0-5,Day1
179,Largemouth,Natural Rock,Bays/Pockets,2 - 06,2.375,0-5,Day1
180,Largemouth,Boat Docks,Bays/Pockets,4 - 00,4.0,0-5,Day1
181,Largemouth,Natural Rock,River,6 - 05,6.3125,0-5,Day1
182,Largemouth,Rip Rap,Mid Section Main Lake,2 - 02,2.125,5-10,Day1
183,Largemouth,Boat Docks,Bays/Pockets,2 - 01,2.0625,0-5,Day1
184,Largemouth,Boat Docks,Mid Section Main Lake,2 - 02,2.125,5-10,Day1
185,Largemouth,Boat Docks,Bays/Pockets,2 - 00,2.0,5-10,Day1
186,Largemouth,Boat Docks,Creeks,2 - 05,2.3125,0-5,Day1
187,Largemouth,Natural Rock,Bays/Pockets,3 - 06,3.375,0-5,Day1
188,Largemouth,Natural Rock,Bays/Pockets,3 - 14,3.875,0-5,Day1
189,Largemouth,Boat Docks,Creeks,3 - 11,3.6875,5-10,Day1
190,Largemouth,Natural Rock,Mid Section Main Lake,2 - 02,2.125,0-5,Day1
191,Largemouth,Boat Docks,Bays/Pockets,3 - 02,3.125,0-5,Day1
192,Largemouth,Boat Docks,Mid Section Main Lake,2 - 14,2.875,5-10,Day1
193,Largemouth,Rip Rap,Creeks,2 - 04,2.25,0-5,Day1
194,Largemouth,Point,Bays/Pockets,2 - 04,2.25,10-15,Day1
195,Largemouth,Rip Rap,Mid Section Main Lake,5 - 03,5.1875,5-10,Day1
196,Largemouth,Natural Rock,Bays/Pockets,2 - 08,2.5,0-5,Day1
197,Largemouth,Boat Docks,Creeks,2 - 01,2.0625,0-5,Day1
198,Largemouth,Lay Downs,Bays/Pockets,2 - 11,2.6875,0-5,Day1
199,Largemouth,Lay Downs,River,2 - 03,2.1875,0-5,Day1
200,Largemouth,Brush Pile,Mid Section Main Lake,2 - 10,2.625,5-10,Day1
201,Largemouth,Natural Rock,Creeks,2 - 04,2.25,0-5,Day1
202,Largemouth,Natural Rock,Bays/Pockets,2 - 06,2.375,0-5,Day1
203,Largemouth,Natural Rock,Creeks,4 - 08,4.5,0-5,Day1
204,Largemouth,Natural Rock,Bays/Pockets,3 - 01,3.0625,0-5,Day1
205,Largemouth,Boat Docks,Bays/Pockets,2 - 15,2.9375,0-5,Day1
206,Largemouth,Lay Downs,Bays/Pockets,4 - 10,4.625,0-5,Day1
207,Largemouth,Boat Docks,Creeks,3 - 09,3.5625,5-10,Day1
208,Largemouth,Natural Rock,Bays/Pockets,4 - 05,4.3125,0-5,Day1
209,Largemouth,Boat Docks,Mid Section Main Lake,2 - 00,2.0,0-5,Day1
210,Largemouth,Boat Docks,Creeks,2 - 11,2.6875,0-5,Day1
211,Largemouth,Natural Rock,Creeks,2 - 01,2.0625,0-5,Day1
212,Largemouth,Natural Rock,Bays/Pockets,3 - 00,3.0,0-5,Day1
213,Largemouth,Natural Rock,Bays/Pockets,4 - 04,4.25,0-5,Day1
214,Largemouth,Boat Docks,Bays/Pockets,2 - 02,2.125,0-5,Day1
215,Largemouth,Boat Docks,Creeks,4 - 04,4.25,0-5,Day1
216,Largemouth,Boat Docks,Mid Section Main Lake,3 - 02,3.125,5-10,Day1
217,Largemouth,Boat Docks,Lower Section Main Lake,2 - 08,2.5,0-5,Day1
218,Largemouth,Boat Docks,Creeks,2 - 03,2.1875,15-20,Day1
219,Largemouth,Boat Docks,Bays/Pockets,4 - 03,4.1875,0-5,Day1
220,Largemouth,Natural Rock,Bays/Pockets,3 - 15,3.9375,5-10,Day2
221,Largemouth,Boat Docks,Bays/Pockets,4 - 07,4.4375,0-5,Day2
222,Largemouth,Natural Rock,Bays/Pockets,3 - 00,3.0,0-5,Day2
223,Largemouth,Boat Docks,Upper Section Main Lake,3 - 14,3.875,0-5,Day2
224,Largemouth,Boat Docks,Bays/Pockets,2 - 00,2.0,10-15,Day2
225,Largemouth,Boat Docks,Bays/Pockets,2 - 02,2.125,0-5,Day2
226,Largemouth,Not Available/Other,Bays/Pockets,2 - 00,2.0,0-5,Day2
227,Largemouth,Natural Rock,Bays/Pockets,3 - 03,3.1875,0-5,Day2
228,Largemouth,Natural Rock,Bays/Pockets,5 - 05,5.3125,0-5,Day2
229,Largemouth,Rip Rap,Creeks,2 - 00,2.0,0-5,Day2
230,Largemouth,Natural Rock,Bays/Pockets,4 - 11,4.6875,5-10,Day2
231,Largemouth,Not Available/Other,Bays/Pockets,2 - 04,2.25,0-5,Day2
232,Largemouth,Natural Rock,Bays/Pockets,3 - 03,3.1875,0-5,Day2
233,Largemouth,Natural Rock,Creeks,2 - 00,2.0,0-5,Day2
234,Largemouth,Boat Docks,Lower Section Main Lake,3 - 08,3.5,0-5,Day2
235,Largemouth,Natural Rock,Bays/Pockets,3 - 12,3.75,0-5,Day2
236,Largemouth,Natural Rock,Bays/Pockets,2 - 06,2.375,5-10,Day2
237,Largemouth,Natural Rock,Bays/Pockets,4 - 02,4.125,0-5,Day2
238,Largemouth,Natural Rock,Bays/Pockets,4 - 14,4.875,0-5,Day2
239,Largemouth,Natural Rock,Bays/Pockets,3 - 05,3.3125,0-5,Day2
240,Largemouth,Bluff Walls,Bays/Pockets,2 - 01,2.0625,0-5,Day2
241,Largemouth,Natural Rock,Bays/Pockets,2 - 00,2.0,0-5,Day2
242,Spotted,Boat Docks,Bays/Pockets,2 - 07,2.4375,5-10,Day2
243,Largemouth,Natural Rock,Bays/Pockets,3 - 06,3.375,0-5,Day2
244,Largemouth,Not Available/Other,Bays/Pockets,3 - 00,3.0,0-5,Day2
245,Largemouth,Boat Docks,Bays/Pockets,4 - 12,4.75,0-5,Day2
246,Largemouth,Boat Docks,Upper Section Main Lake,3 - 13,3.8125,0-5,Day2
247,Largemouth,Natural Rock,Bays/Pockets,2 - 00,2.0,0-5,Day2
248,Largemouth,Rip Rap,Mid Section Main Lake,2 - 03,2.1875,0-5,Day2
249,Spotted,Natural Rock,Bays/Pockets,2 - 05,2.3125,0-5,Day2
250,Largemouth,Boat Docks,Upper Section Main Lake,4 - 10,4.625,0-5,Day2
251,Largemouth,Boat Docks,Bays/Pockets,2 - 10,2.625,0-5,Day2
252,Largemouth,Natural Rock,Bays/Pockets,2 - 11,2.6875,0-5,Day2
253,Largemouth,Natural Rock,Bays/Pockets,4 - 03,4.1875,0-5,Day2
254,Largemouth,Bluff Walls,Bays/Pockets,2 - 03,2.1875,0-5,Day2
255,Largemouth,Natural Rock,Bays/Pockets,2 - 11,2.6875,0-5,Day2
256,Largemouth,Lay Downs,Mid Section Main Lake,2 - 02,2.125,0-5,Day2
257,Largemouth,Natural Rock,Bays/Pockets,4 - 01,4.0625,0-5,Day2
258,Largemouth,Boat Docks,Bays/Pockets,4 - 07,4.4375,0-5,Day2
259,Largemouth,Boat Docks,Upper Section Main Lake,2 - 10,2.625,0-5,Day2
260,Largemouth,Natural Rock,Bays/Pockets,2 - 02,2.125,0-5,Day2
261,Largemouth,Stumps,Creeks,2 - 08,2.5,0-5,Day2
262,Largemouth,Natural Rock,Bays/Pockets,3 - 06,3.375,0-5,Day2
263,Largemouth,Natural Rock,Bays/Pockets,2 - 00,2.0,0-5,Day2
264,Largemouth,Natural Rock,Bays/Pockets,2 - 13,2.8125,0-5,Day2
265,Largemouth,Boat Docks,Upper Section Main Lake,2 - 07,2.4375,0-5,Day2
266,Largemouth,Boat Docks,Bays/Pockets,2 - 01,2.0625,0-5,Day2
267,Largemouth,Natural Rock,Creeks,2 - 14,2.875,0-5,Day2
268,Largemouth,Boat Docks,Bays/Pockets,2 - 04,2.25,0-5,Day2
269,Largemouth,Boat Docks,Bays/Pockets,2 - 13,2.8125,0-5,Day2
270,Largemouth,Boat Docks,Bays/Pockets,2 - 01,2.0625,5-10,Day2
271,Largemouth,Boat Docks,Bays/Pockets,2 - 10,2.625,0-5,Day2
272,Largemouth,Natural Rock,Bays/Pockets,3 - 03,3.1875,0-5,Day2
273,Largemouth,Not Available/Other,Bays/Pockets,2 - 01,2.0625,0-5,Day2
274,Largemouth,Brush Pile,Bays/Pockets,2 - 06,2.375,0-5,Day2
275,Largemouth,Natural Rock,Bays/Pockets,4 - 04,4.25,0-5,Day2
276,Spotted,Natural Rock,Mid Section Main Lake,2 - 09,2.5625,0-5,Day2
277,Largemouth,Rip Rap,Mid Section Main Lake,2 - 02,2.125,0-5,Day2
278,Largemouth,Boat Docks,Mid Section Main Lake,3 - 03,3.1875,0-5,Day2
279,Largemouth,Natural Rock,Bays/Pockets,2 - 07,2.4375,0-5,Day2
280,Largemouth,Boat Docks,Bays/Pockets,2 - 06,2.375,0-5,Day2
281,Largemouth,Natural Rock,Bays/Pockets,3 - 00,3.0,0-5,Day2
282,Largemouth,Lay Downs,Mid Section Main Lake,3 - 12,3.75,0-5,Day2
283,Largemouth,Bluff Walls,Bays/Pockets,2 - 00,2.0,0-5,Day2
284,Largemouth,Point,Creeks,4 - 00,4.0,5-10,Day2
285,Largemouth,Natural Rock,Bays/Pockets,3 - 07,3.4375,0-5,Day2
286,Largemouth,Boat Docks,Bays/Pockets,2 - 10,2.625,5-10,Day2
287,Largemouth,Natural Rock,Bays/Pockets,3 - 09,3.5625,0-5,Day2
288,Largemouth,Boat Docks,Bays/Pockets,2 - 10,2.625,0-5,Day2
289,Largemouth,Boat Docks,Upper Section Main Lake,3 - 06,3.375,0-5,Day2
290,Largemouth,Not Available/Other,Bays/Pockets,2 - 02,2.125,0-5,Day2
291,Largemouth,Natural Rock,Upper Section Main Lake,2 - 02,2.125,5-10,Day2
292,Largemouth,Boat Docks,River,2 - 03,2.1875,5-10,Day2
293,Largemouth,Natural Rock,Mid Section Main Lake,2 - 01,2.0625,0-5,Day2
294,Largemouth,Buck Brush,Upper Section Main Lake,4 - 13,4.8125,0-5,Day2
295,Largemouth,Natural Rock,Bays/Pockets,2 - 11,2.6875,0-5,Day2
296,Largemouth,Offshore,Bays/Pockets,5 - 05,5.3125,0-5,Day2
297,Largemouth,Boat Docks,Bays/Pockets,2 - 07,2.4375,0-5,Day2
298,Largemouth,Boat Docks,Creeks,2 - 03,2.1875,0-5,Day2
299,Largemouth,Natural Rock,Bays/Pockets,4 - 05,4.3125,0-5,Day2
300,Largemouth,Natural Rock,Mid Section Main Lake,2 - 06,2.375,0-5,Day2
301,Largemouth,Rip Rap,Mid Section Main Lake,4 - 06,4.375,5-10,Day2
302,Largemouth,Natural Rock,Bays/Pockets,2 - 15,2.9375,0-5,Day2
303,Largemouth,Natural Rock,Bays/Pockets,2 - 05,2.3125,0-5,Day2
304,Largemouth,Boat Docks,Bays/Pockets,2 - 00,2.0,0-5,Day2
305,Largemouth,Natural Rock,Bays/Pockets,3 - 06,3.375,0-5,Day2
306,Largemouth,Buck Brush,Upper Section Main Lake,2 - 03,2.1875,0-5,Day2
307,Largemouth,Natural Rock,Bays/Pockets,3 - 02,3.125,0-5,Day2
308,Largemouth,Marinas,Mid Section Main Lake,2 - 14,2.875,0-5,Day2
309,Largemouth,Boat Docks,Creeks,4 - 09,4.5625,0-5,Day2
310,Largemouth,Boat Docks,Upper Section Main Lake,3 - 05,3.3125,0-5,Day2
311,Largemouth,Rip Rap,Mid Section Main Lake,2 - 01,2.0625,0-5,Day2
312,Largemouth,Natural Rock,Creeks,2 - 06,2.375,0-5,Day2
313,Largemouth,Natural Rock,Bays/Pockets,2 - 03,2.1875,0-5,Day2
314,Largemouth,Natural Rock,Bays/Pockets,2 - 04,2.25,0-5,Day2
315,Largemouth,Rip Rap,Mid Section Main Lake,2 - 10,2.625,0-5,Day2
316,Largemouth,Natural Rock,Bays/Pockets,4 - 01,4.0625,0-5,Day2
317,Largemouth,Natural Rock,Bays/Pockets,3 - 09,3.5625,0-5,Day2
318,Largemouth,Natural Rock,Bays/Pockets,2 - 14,2.875,0-5,Day2
319,Largemouth,Natural Rock,Creeks,2 - 04,2.25,0-5,Day2
320,Largemouth,Natural Rock,Bays/Pockets,4 - 01,4.0625,5-10,Day2
321,Largemouth,Boat Docks,Bays/Pockets,2 - 02,2.125,0-5,Day2
322,Largemouth,Point,Creeks,3 - 08,3.5,5-10,Day2
323,Largemouth,Natural Rock,Bays/Pockets,2 - 05,2.3125,0-5,Day2
324,Largemouth,Boat Docks,Bays/Pockets,2 - 07,2.4375,5-10,Day2
325,Largemouth,Boat Docks,Creeks,2 - 09,2.5625,0-5,Day2
326,Largemouth,Point,Creeks,2 - 00,2.0,5-10,Day2
327,Largemouth,Natural Rock,Bays/Pockets,3 - 10,3.625,0-5,Day2
328,Largemouth,Boat Docks,River,2 - 03,2.1875,5-10,Day2
329,Largemouth,Natural Rock,Bays/Pockets,2 - 01,2.0625,0-5,Day2
330,Largemouth,Boat Docks,Creeks,2 - 03,2.1875,0-5,Day2
331,Largemouth,Boat Docks,Bays/Pockets,2 - 05,2.3125,0-5,Day2
332,Largemouth,Rip Rap,Mid Section Main Lake,2 - 00,2.0,5-10,Day2
333,Largemouth,Natural Rock,Bays/Pockets,2 - 00,2.0,0-5,Day2
334,Largemouth,Boat Docks,Bays/Pockets,2 - 07,2.4375,0-5,Day2
335,Largemouth,Boat Docks,Bays/Pockets,2 - 06,2.375,0-5,Day2
336,Largemouth,Boat Docks,Mid Section Main Lake,3 - 02,3.125,0-5,Day2
337,Largemouth,Natural Rock,Bays/Pockets,3 - 04,3.25,0-5,Day2
338,Largemouth,Natural Rock,Bays/Pockets,3 - 03,3.1875,0-5,Day2
339,Largemouth,Rip Rap,Mid Section Main Lake,4 - 08,4.5,5-10,Day2
340,Largemouth,Bluff Walls,River,3 - 06,3.375,5-10,Day2
341,Largemouth,Natural Rock,Bays/Pockets,2 - 06,2.375,0-5,Day2
342,Largemouth,Rip Rap,Mid Section Main Lake,2 - 07,2.4375,5-10,Day2
343,Largemouth,Natural Rock,Bays/Pockets,4 - 02,4.125,0-5,Day2
344,Largemouth,Lay Downs,Bays/Pockets,2 - 07,2.4375,0-5,Day2
345,Largemouth,Boat Docks,Bays/Pockets,4 - 11,4.6875,0-5,Day2
346,Largemouth,Natural Rock,Bays/Pockets,4 - 03,4.1875,0-5,Day2
347,Largemouth,Natural Rock,Bays/Pockets,4 - 01,4.0625,0-5,Day2
348,Largemouth,Not Available/Other,Mid Section Main Lake,3 - 07,3.4375,0-5,Day2
349,Largemouth,Natural Rock,Creeks,5 - 01,5.0625,0-5,Day2
350,Largemouth,Marinas,Bays/Pockets,2 - 02,2.125,0-5,Day2
351,Largemouth,Boat Docks,Bays/Pockets,2 - 00,2.0,10-15,Day2
352,Largemouth,Boat Docks,Creeks,2 - 10,2.625,0-5,Day2
353,Largemouth,Natural Rock,Bays/Pockets,2 - 04,2.25,0-5,Day2
354,Largemouth,Natural Rock,Bays/Pockets,2 - 07,2.4375,0-5,Day2
355,Largemouth,Boat Docks,Creeks,3 - 10,3.625,0-5,Day2
356,Largemouth,Boat Docks,Bays/Pockets,2 - 05,2.3125,0-5,Day2
357,Largemouth,Natural Rock,Bays/Pockets,2 - 07,2.4375,0-5,Day2
358,Largemouth,Natural Rock,Mid Section Main Lake,5 - 13,5.8125,0-5,Day2
359,Largemouth,Natural Rock,Bays/Pockets,2 - 08,2.5,0-5,Day2
360,Largemouth,Boat Docks,Mid Section Main Lake,3 - 03,3.1875,0-5,Day2
361,Largemouth,Boat Docks,Bays/Pockets,2 - 11,2.6875,0-5,Day2
362,Largemouth,Boat Docks,Bays/Pockets,3 - 13,3.8125,5-10,Day2
363,Largemouth,Boat Docks,Creeks,2 - 11,2.6875,0-5,Day2
364,Largemouth,Natural Rock,Bays/Pockets,2 - 02,2.125,0-5,Day2
365,Spotted,Natural Rock,Bays/Pockets,3 - 05,3.3125,0-5,Day2
366,Largemouth,Boat Docks,River,2 - 06,2.375,5-10,Day2
367,Largemouth,Marinas,Mid Section Main Lake,3 - 02,3.125,0-5,Day2
368,Largemouth,Boat Docks,Mid Section Main Lake,3 - 01,3.0625,0-5,Day2
369,Largemouth,Natural Rock,Bays/Pockets,3 - 00,3.0,0-5,Day2
370,Largemouth,Boat Docks,Bays/Pockets,4 - 08,4.5,0-5,Day2
371,Largemouth,Boat Docks,Bays/Pockets,2 - 02,2.125,0-5,Day2
372,Largemouth,Boat Docks,Bays/Pockets,2 - 14,2.875,0-5,Day2
373,Largemouth,Marinas,Mid Section Main Lake,4 - 04,4.25,0-5,Day2
374,Largemouth,Boat Docks,Bays/Pockets,2 - 07,2.4375,0-5,Day2
375,Largemouth,Rip Rap,Mid Section Main Lake,3 - 12,3.75,5-10,Day2
376,Largemouth,Natural Rock,Creeks,2 - 14,2.875,0-5,Day2
377,Largemouth,Boat Docks,Bays/Pockets,3 - 04,3.25,0-5,Day2
378,Largemouth,Individual Boat Ramp,Creeks,2 - 05,2.3125,0-5,Day2
379,Largemouth,Boat Docks,Bays/Pockets,4 - 00,4.0,0-5,Day2
380,Largemouth,Point,Bays/Pockets,3 - 02,3.125,5-10,Day2
381,Spotted,Natural Rock,Bays/Pockets,3 - 10,3.625,0-5,Day2
382,Largemouth,Natural Rock,Bays/Pockets,2 - 06,2.375,0-5,Day2
383,Largemouth,Boat Docks,Bays/Pockets,4 - 09,4.5625,5-10,Day2
384,Largemouth,Boat Docks,River,2 - 08,2.5,5-10,Day2
385,Largemouth,Natural Rock,Lower Section Main Lake,3 - 04,3.25,0-5,Day2
386,Largemouth,Natural Rock,Lower Section Main Lake,2 - 07,2.4375,0-5,Day2
387,Largemouth,Buck Brush,Upper Section Main Lake,5 - 04,5.25,0-5,Day2
388,Largemouth,Boat Docks,Upper Section Main Lake,3 - 13,3.8125,0-5,Day2
389,Largemouth,Boat Docks,Bays/Pockets,3 - 00,3.0,0-5,Day2
390,Largemouth,Natural Rock,Bays/Pockets,2 - 00,2.0,0-5,Day2
391,Largemouth,Natural Rock,Bays/Pockets,3 - 08,3.5,0-5,Day2
392,Largemouth,Natural Rock,Lower Section Main Lake,2 - 15,2.9375,0-5,Day2
393,Spotted,Not Available/Other,Creeks,2 - 10,2.625,0-5,Day2
394,Largemouth,Rip Rap,Creeks,2 - 06,2.375,0-5,Day2
395,Largemouth,Natural Rock,Bays/Pockets,2 - 01,2.0625,0-5,Day2
396,Largemouth,Boat Docks,Bays/Pockets,2 - 05,2.3125,0-5,Day2
397,Largemouth,Natural Rock,Bays/Pockets,2 - 11,2.6875,5-10,Day2
398,Largemouth,Boat Docks,Creeks,3 - 08,3.5,0-5,Day2
399,Largemouth,Boat Docks,Bays/Pockets,2 - 01,2.0625,0-5,Day2
400,Largemouth,Boat Docks,Bays/Pockets,2 - 00,2.0,0-5,Day2
401,Largemouth,Boat Docks,Bays/Pockets,2 - 00,2.0,0-5,Day2
402,Largemouth,Boat Docks,Bays/Pockets,2 - 07,2.4375,5-10,Day2
403,Largemouth,Natural Rock,Creeks,3 - 03,3.1875,0-5,Day2
404,Largemouth,Natural Rock,Bays/Pockets,2 - 01,2.0625,0-5,Day2
405,Largemouth,Natural Rock,Bays/Pockets,2 - 09,2.5625,0-5,Day2
406,Spotted,Boat Docks,Upper Section Main Lake,2 - 13,2.8125,0-5,Day2
407,Largemouth,Natural Rock,Upper Section Main Lake,2 - 03,2.1875,5-10,Day2
408,Largemouth,Not Available/Other,Creeks,2 - 00,2.0,0-5,Day2
409,Largemouth,Boat Docks,River,2 - 00,2.0,5-10,Day2
410,Largemouth,Natural Rock,Bays/Pockets,4 - 04,4.25,0-5,Day2
411,Largemouth,Not Available/Other,Creeks,2 - 08,2.5,0-5,Day2
412,Largemouth,Boat Docks,Bays/Pockets,2 - 09,2.5625,5-10,Day2
413,Largemouth,Natural Rock,Lower Section Main Lake,3 - 15,3.9375,0-5,Day2
414,Largemouth,Bluff Walls,Upper Section Main Lake,3 - 10,3.625,5-10,Day2
415,Largemouth,Marinas,Bays/Pockets,2 - 04,2.25,0-5,Day2
416,Largemouth,Natural Rock,Bays/Pockets,5 - 00,5.0,0-5,Day2
417,Largemouth,Bluff Walls,Upper Section Main Lake,4 - 03,4.1875,5-10,Day2
418,Largemouth,Natural Rock,Creeks,2 - 13,2.8125,0-5,Day2
419,Largemouth,Natural Rock,Bays/Pockets,3 - 01,3.0625,0-5,Day2
420,Largemouth,Boat Docks,Bays/Pockets,3 - 11,3.6875,0-5,Day2
421,Largemouth,Boat Docks,Bays/Pockets,2 - 02,2.125,5-10,Day2
422,Largemouth,Natural Rock,Bays/Pockets,4 - 10,4.625,0-5,Day2
423,Largemouth,Boat Docks,Bays/Pockets,2 - 01,2.0625,0-5,Day2
424,Largemouth,Natural Rock,Bays/Pockets,2 - 01,2.0625,0-5,Day2
425,Spotted,Natural Rock,Bays/Pockets,2 - 02,2.125,0-5,Day3
426,Largemouth,Boat Docks,Bays/Pockets,2 - 02,2.125,0-5,Day3
427,Largemouth,Natural Rock,Bays/Pockets,2 - 00,2.0,0-5,Day3
428,Largemouth,Boat Docks,Lower Section Main Lake,2 - 12,2.75,5-10,Day3
429,Largemouth,Natural Rock,Bays/Pockets,2 - 05,2.3125,5-10,Day3
430,Largemouth,Boat Docks,Mid Section Main Lake,2 - 02,2.125,5-10,Day3
431,Largemouth,Natural Rock,Bays/Pockets,2 - 08,2.5,0-5,Day3
432,Largemouth,Natural Rock,Bays/Pockets,2 - 12,2.75,5-10,Day3
433,Largemouth,Boat Docks,Lower Section Main Lake,3 - 12,3.75,5-10,Day3
434,Largemouth,Natural Rock,Mid Section Main Lake,4 - 00,4.0,0-5,Day3
435,Largemouth,Brush Pile,River,4 - 06,4.375,0-5,Day3
436,Largemouth,Brush Pile,Bays/Pockets,2 - 02,2.125,0-5,Day3
437,Largemouth,Natural Rock,Bays/Pockets,2 - 02,2.125,0-5,Day3
438,Largemouth,Natural Rock,Bays/Pockets,2 - 00,2.0,0-5,Day3
439,Largemouth,Boat Docks,Bays/Pockets,3 - 07,3.4375,5-10,Day3
440,Largemouth,Natural Rock,Bays/Pockets,3 - 12,3.75,5-10,Day3
441,Largemouth,Boat Docks,Creeks,2 - 04,2.25,0-5,Day3
442,Largemouth,Boat Docks,Bays/Pockets,2 - 15,2.9375,0-5,Day3
443,Largemouth,Boat Docks,Mid Section Main Lake,3 - 03,3.1875,5-10,Day3
444,Largemouth,Brush Pile,Bays/Pockets,3 - 13,3.8125,0-5,Day3
445,Largemouth,Natural Rock,Mid Section Main Lake,4 - 04,4.25,10-15,Day3
446,Largemouth,Natural Rock,Mid Section Main Lake,2 - 00,2.0,0-5,Day3
447,Largemouth,Natural Rock,Bays/Pockets,2 - 14,2.875,0-5,Day3
448,Largemouth,Natural Rock,Bays/Pockets,5 - 03,5.1875,0-5,Day3
449,Largemouth,Natural Rock,Bays/Pockets,2 - 02,2.125,0-5,Day3
450,Largemouth,Boat Docks,Bays/Pockets,3 - 14,3.875,0-5,Day3
451,Largemouth,Lay Downs,Upper Section Main Lake,2 - 07,2.4375,0-5,Day3
452,Largemouth,Natural Rock,Bays/Pockets,4 - 00,4.0,5-10,Day3
453,Largemouth,Boat Docks,Mid Section Main Lake,2 - 01,2.0625,5-10,Day3
454,Largemouth,Boat Docks,Creeks,3 - 14,3.875,0-5,Day3
455,Largemouth,Natural Rock,Bays/Pockets,2 - 10,2.625,0-5,Day3
456,Largemouth,Boat Docks,Mid Section Main Lake,3 - 09,3.5625,5-10,Day3
457,Largemouth,Boat Docks,Creeks,2 - 06,2.375,0-5,Day3
458,Largemouth,Natural Rock,Bays/Pockets,2 - 01,2.0625,0-5,Day3
459,Largemouth,Natural Rock,Bays/Pockets,2 - 04,2.25,0-5,Day3
460,Largemouth,Rip Rap,Bays/Pockets,2 - 05,2.3125,0-5,Day3
461,Largemouth,Natural Rock,Bays/Pockets,4 - 04,4.25,0-5,Day3
462,Largemouth,Natural Rock,Bays/Pockets,4 - 12,4.75,5-10,Day3
463,Largemouth,Boat Docks,Creeks,3 - 00,3.0,0-5,Day3
464,Largemouth,Natural Rock,Bays/Pockets,2 - 00,2.0,0-5,Day3
465,Largemouth,Lay Downs,River,2 - 05,2.3125,0-5,Day3
466,Largemouth,Marinas,Mid Section Main Lake,3 - 01,3.0625,0-5,Day3
467,Largemouth,Boat Docks,Bays/Pockets,4 - 01,4.0625,0-5,Day3
468,Largemouth,Natural Rock,Lower Section Main Lake,2 - 03,2.1875,0-5,Day3
469,Largemouth,Buck Brush,River,2 - 02,2.125,0-5,Day3
470,Largemouth,Natural Rock,Bays/Pockets,2 - 15,2.9375,5-10,Day3
471,Largemouth,Marinas,Mid Section Main Lake,4 - 08,4.5,0-5,Day3
472,Largemouth,Natural Rock,Bays/Pockets,2 - 06,2.375,0-5,Day3
473,Largemouth,Rip Rap,Bays/Pockets,2 - 00,2.0,0-5,Day3
474,Largemouth,Natural Rock,Bays/Pockets,4 - 07,4.4375,0-5,Day3
475,Largemouth,Natural Rock,Bays/Pockets,2 - 00,2.0,0-5,Day3
476,Largemouth,Boat Docks,Bays/Pockets,2 - 01,2.0625,5-10,Day3
477,Largemouth,Natural Rock,Bays/Pockets,2 - 01,2.0625,0-5,Day3
478,Largemouth,Natural Rock,Bays/Pockets,2 - 01,2.0625,0-5,Day3
479,Largemouth,Boat Docks,Bays/Pockets,2 - 02,2.125,0-5,Day3
480,Largemouth,Lay Downs,Creeks,4 - 13,4.8125,0-5,Day3
481,Largemouth,Natural Rock,River,5 - 04,5.25,0-5,Day3
482,Largemouth,Marinas,Mid Section Main Lake,5 - 06,5.375,0-5,Day3
483,Largemouth,Natural Rock,Bays/Pockets,2 - 11,2.6875,0-5,Day3
484,Largemouth,Boat Docks,Creeks,2 - 01,2.0625,0-5,Day3
485,Largemouth,Natural Rock,Bays/Pockets,2 - 08,2.5,0-5,Day3
486,Largemouth,Natural Rock,Bays/Pockets,3 - 07,3.4375,0-5,Day3
487,Largemouth,Natural Rock,Bays/Pockets,2 - 09,2.5625,0-5,Day3
488,Largemouth,Natural Rock,Mid Section Main Lake,3 - 08,3.5,0-5,Day3
489,Spotted,Point,Bays/Pockets,2 - 11,2.6875,10-15,Day3
490,Largemouth,Bluff Walls,Bays/Pockets,4 - 10,4.625,0-5,Day3
491,Largemouth,Boat Docks,Lower Section Main Lake,2 - 01,2.0625,5-10,Day3
492,Largemouth,Natural Rock,Creeks,2 - 00,2.0,0-5,Day3
493,Largemouth,Natural Rock,Creeks,2 - 06,2.375,0-5,Day3
494,Largemouth,Boat Docks,Bays/Pockets,3 - 10,3.625,0-5,Day3
495,Largemouth,Brush Pile,Bays/Pockets,4 - 08,4.5,0-5,Day3
496,Largemouth,Boat Docks,Mid Section Main Lake,2 - 02,2.125,5-10,Day3
497,Largemouth,Natural Rock,Bays/Pockets,2 - 10,2.625,0-5,Day3
498,Largemouth,Rip Rap,Bays/Pockets,2 - 01,2.0625,0-5,Day3
499,Largemouth,Boat Docks,Bays/Pockets,2 - 06,2.375,0-5,Day3
500,Largemouth,Boat Docks,Bays/Pockets,3 - 00,3.0,0-5,Day3
501,Largemouth,Natural Rock,Bays/Pockets,3 - 03,3.1875,0-5,Day3
502,Largemouth,Natural Rock,Bays/Pockets,2 - 00,2.0,0-5,Day3
503,Largemouth,Rip Rap,Bays/Pockets,2 - 01,2.0625,0-5,Day3
504,Largemouth,Boat Docks,Creeks,2 - 04,2.25,0-5,Day3
505,Largemouth,Natural Rock,Mid Section Main Lake,2 - 00,2.0,0-5,Day3
506,Largemouth,Boat Docks,Mid Section Main Lake,2 - 03,2.1875,5-10,Day3
507,Largemouth,Natural Rock,Bays/Pockets,3 - 12,3.75,0-5,Day3
508,Largemouth,Brush Pile,Bays/Pockets,3 - 07,3.4375,0-5,Day3
509,Largemouth,Boat Docks,Bays/Pockets,2 - 10,2.625,0-5,Day3
510,Largemouth,Boat Docks,Mid Section Main Lake,2 - 08,2.5,5-10,Day3
511,Largemouth,Natural Rock,Creeks,2 - 07,2.4375,0-5,Day3
512,Largemouth,Natural Rock,Bays/Pockets,3 - 15,3.9375,0-5,Day3
513,Largemouth,Rip Rap,River,3 - 10,3.625,0-5,Day3
514,Largemouth,Natural Rock,River,2 - 02,2.125,0-5,Day3
515,Largemouth,Natural Rock,Bays/Pockets,2 - 13,2.8125,0-5,Day3
516,Largemouth,Boat Docks,Bays/Pockets,2 - 08,2.5,0-5,Day3
517,Largemouth,Natural Rock,Creeks,4 - 11,4.6875,0-5,Day3
518,Largemouth,Point,Bays/Pockets,2 - 02,2.125,10-15,Day3
519,Largemouth,Natural Rock,Bays/Pockets,2 - 10,2.625,0-5,Day3
520,Largemouth,Natural Rock,Bays/Pockets,3 - 02,3.125,0-5,Day3
521,Largemouth,Boat Docks,Bays/Pockets,2 - 14,2.875,0-5,Day3
522,Largemouth,Natural Rock,Bays/Pockets,2 - 03,2.1875,0-5,Day3
523,Largemouth,Rip Rap,Bays/Pockets,2 - 12,2.75,0-5,Day3
524,Spotted,Boat Docks,Creeks,2 - 00,2.0,0-5,Day3
525,Largemouth,Natural Rock,River,2 - 00,2.0,0-5,Day3
526,Largemouth,Rip Rap,Bays/Pockets,3 - 06,3.375,0-5,Day3
527,Largemouth,Rip Rap,Bays/Pockets,2 - 00,2.0,0-5,Day3
528,Largemouth,Boat Docks,Creeks,2 - 12,2.75,0-5,Day3
529,Largemouth,Boat Docks,Creeks,2 - 00,2.0,0-5,Day3
530,Largemouth,Natural Rock,Bays/Pockets,3 - 14,3.875,0-5,Day3
531,Largemouth,Boat Docks,Creeks,3 - 06,3.375,0-5,Day3
532,Largemouth,Boat Docks,Mid Section Main Lake,2 - 11,2.6875,5-10,Day3
533,Spotted,Natural Rock,Bays/Pockets,3 - 03,3.1875,0-5,Day3
534,Largemouth,Rip Rap,Bays/Pockets,3 - 04,3.25,0-5,Day3
535,Largemouth,Natural Rock,Bays/Pockets,3 - 02,3.125,0-5,Day3
536,Largemouth,Natural Rock,Creeks,2 - 00,2.0,0-5,Day3
537,Largemouth,Natural Rock,Mid Section Main Lake,2 - 04,2.25,10-15,Day3
538,Largemouth,Boat Docks,Bays/Pockets,3 - 00,3.0,0-5,Day3
539,Largemouth,Boat Docks,Lower Section Main Lake,2 - 08,2.5,5-10,Day3
540,Largemouth,Natural Rock,River,2 - 00,2.0,0-5,Day3
541,Largemouth,Natural Rock,River,2 - 07,2.4375,0-5,Day3
542,Largemouth,Boat Docks,Bays/Pockets,2 - 01,2.0625,0-5,Day3
543,Largemouth,Natural Rock,Mid Section Main Lake,3 - 14,3.875,10-15,Day3
544,Spotted,Boat Docks,Bays/Pockets,2 - 07,2.4375,0-5,Day3
545,Largemouth,Boat Docks,Lower Section Main Lake,4 - 10,4.625,0-5,Day3
546,Largemouth,Boat Docks,Bays/Pockets,2 - 03,2.1875,0-5,Day3
547,Largemouth,Natural Rock,Bays/Pockets,4 - 09,4.5625,0-5,Day3
548,Largemouth,Boat Docks,Mid Section Main Lake,3 - 07,3.4375,5-10,Day3
549,Largemouth,Natural Rock,Mid Section Main Lake,4 - 09,4.5625,0-5,Day3
550,Largemouth,Natural Rock,River,5 - 03,5.1875,0-5,Day3
551,Largemouth,Boat Docks,Lower Section Main Lake,2 - 10,2.625,5-10,Day3
552,Largemouth,Natural Rock,Bays/Pockets,2 - 04,2.25,0-5,Day3
553,Largemouth,Lay Downs,Upper Section Main Lake,2 - 01,2.0625,0-5,Day3
554,Largemouth,Rip Rap,Bays/Pockets,4 - 13,4.8125,0-5,Day3
555,Largemouth,Natural Rock,Bays/Pockets,2 - 02,2.125,0-5,Day3
556,Spotted,Natural Rock,Bays/Pockets,2 - 02,2.125,0-5,Day3
557,Largemouth,Natural Rock,Creeks,2 - 12,2.75,0-5,Day3
558,Largemouth,Boat Docks,Bays/Pockets,2 - 06,2.375,0-5,Day3
559,Largemouth,Rip Rap,Bays/Pockets,2 - 01,2.0625,0-5,Day3
560,Largemouth,Boat Docks,Lower Section Main Lake,4 - 15,4.9375,5-10,Day3
561,Largemouth,Natural Rock,Bays/Pockets,3 - 12,3.75,0-5,Day3
562,Largemouth,Natural Rock,Creeks,3 - 01,3.0625,0-5,Day3
563,Largemouth,Rip Rap,Bays/Pockets,5 - 01,5.0625,0-5,Day3
564,Largemouth,Natural Rock,Bays/Pockets,2 - 02,2.125,0-5,Day3
565,Largemouth,Natural Rock,Bays/Pockets,6 - 01,6.0625,0-5,Day3
566,Largemouth,Boat Docks,Bays/Pockets,3 - 02,3.125,0-5,Day3
567,Largemouth,Boat Docks,Mid Section Main Lake,2 - 15,2.9375,5-10,Day3
568,Largemouth,Natural Rock,Mid Section Main Lake,3 - 08,3.5,0-5,Day3
569,Largemouth,Brush Pile,Bays/Pockets,2 - 10,2.625,0-5,Day3
570,Largemouth,Natural Rock,Lower Section Main Lake,3 - 10,3.625,0-5,Day3
571,Largemouth,Rip Rap,Bays/Pockets,2 - 04,2.25,0-5,Day3
572,Spotted,Boat Docks,Lower Section Main Lake,2 - 11,2.6875,0-5,Day3
573,Largemouth,Rip Rap,River,4 - 03,4.1875,0-5,Day3
574,Spotted,Natural Rock,River,2 - 02,2.125,10-15,Day3
575,Largemouth,Boat Docks,Mid Section Main Lake,2 - 02,2.125,5-10,Day3
576,Largemouth,Point,Bays/Pockets,2 - 05,2.3125,10-15,Day3
577,Largemouth,Natural Rock,Creeks,2 - 04,2.25,0-5,Day3
578,Largemouth,Boat Docks,Bays/Pockets,2 - 07,2.4375,0-5,Day3
579,Largemouth,Natural Rock,Lower Section Main Lake,2 - 15,2.9375,0-5,Day3
580,Largemouth,Rip Rap,River,2 - 00,2.0,0-5,Day3
581,Largemouth,Rip Rap,Bays/Pockets,3 - 11,3.6875,0-5,Day3
582,Largemouth,Boat Docks,Mid Section Main Lake,2 - 13,2.8125,5-10,Day3
583,Largemouth,Natural Rock,Mid Section Main Lake,3 - 08,3.5,0-5,Day3
584,Largemouth,Natural Rock,Bays/Pockets,2 - 02,2.125,0-5,Day3
585,Largemouth,Rip Rap,River,4 - 05,4.3125,0-5,Day3
586,Largemouth,Lay Downs,Upper Section Main Lake,2 - 13,2.8125,0-5,Day3
587,Largemouth,Natural Rock,Bays/Pockets,3 - 09,3.5625,0-5,Day3
588,Largemouth,Boat Docks,Bays/Pockets,3 - 09,3.5625,5-10,Day3
589,Largemouth,Rip Rap,Bays/Pockets,2 - 06,2.375,0-5,Day3
590,Largemouth,Boat Docks,Mid Section Main Lake,2 - 07,2.4375,5-10,Day3
591,Largemouth,Natural Rock,Creeks,2 - 10,2.625,0-5,Day3
592,Largemouth,Rip Rap,Bays/Pockets,3 - 03,3.1875,0-5,Day3
593,Largemouth,Rip Rap,Bays/Pockets,2 - 09,2.5625,0-5,Day3
594,Largemouth,Rip Rap,Bays/Pockets,5 - 02,5.125,0-5,Day3
595,Largemouth,Natural Rock,Bays/Pockets,2 - 02,2.125,0-5,Day3
596,Largemouth,Natural Rock,Mid Section Main Lake,3 - 08,3.5,0-5,Day3
597,Largemouth,Natural Rock,Bays/Pockets,3 - 02,3.125,0-5,Day3
598,Largemouth,Boat Docks,Lower Section Main Lake,2 - 12,2.75,5-10,Day3
599,Largemouth,Natural Rock,Bays/Pockets,4 - 09,4.5625,0-5,Day3
600,Largemouth,Natural Rock,River,3 - 00,3.0,0-5,Day3
601,Largemouth,Boat Docks,Bays/Pockets,2 - 00,2.0,0-5,Day3
602,Largemouth,Natural Rock,Bays/Pockets,2 - 10,2.625,0-5,Day3
603,Largemouth,Boat Docks,Lower Section Main Lake,3 - 11,3.6875,5-10,Day3
604,Largemouth,Boat Docks,Lower Section Main Lake,2 - 09,2.5625,0-5,Day3
605,Largemouth,Natural Rock,Mid Section Main Lake,2 - 06,2.375,0-5,Day3
606,Largemouth,Natural Rock,River,2 - 01,2.0625,0-5,Day3
607,Largemouth,Boat Docks,Mid Section Main Lake,2 - 06,2.375,5-10,Day3
608,Largemouth,Natural Rock,River,3 - 01,3.0625,0-5,Day3
609,Largemouth,Natural Rock,Bays/Pockets,2 - 09,2.5625,0-5,Day3
610,Largemouth,Natural Rock,Mid Section Main Lake,3 - 02,3.125,0-5,Day3
611,Largemouth,Point,River,2 - 04,2.25,10-15,Day3
612,Largemouth,Natural Rock,Bays/Pockets,2 - 00,2.0,0-5,Day3
613,Largemouth,Natural Rock,Bays/Pockets,2 - 01,2.0625,0-5,Day3
614,Largemouth,Boat Docks,Lower Section Main Lake,2 - 02,2.125,0-5,Day3
615,Largemouth,Natural Rock,Bays/Pockets,2 - 09,2.5625,0-5,Day3
616,Largemouth,Rip Rap,Bays/Pockets,2 - 00,2.0,0-5,Day3
617,Largemouth,Natural Rock,Bays/Pockets,2 - 00,2.0,0-5,Day3
618,Largemouth,Boat Docks,Lower Section Main Lake,2 - 00,2.0,0-5,Day3
619,Largemouth,Boat Docks,Lower Section Main Lake,2 - 02,2.125,0-5,Day3
620,Largemouth,Natural Rock,Bays/Pockets,3 - 06,3.375,0-5,Day3
621,Largemouth,Natural Rock,Bays/Pockets,2 - 03,2.1875,0-5,Day3
622,Largemouth,Rip Rap,Bays/Pockets,2 - 00,2.0,0-5,Day3
623,Largemouth,Boat Docks,Creeks,2 - 00,2.0,0-5,Day3
624,Largemouth,Natural Rock,River,2 - 04,2.25,0-5,Day3
625,Largemouth,Boat Docks,Bays/Pockets,3 - 11,3.6875,0-5,Day3
626,Largemouth,Boat Docks,Lower Section Main Lake,3 - 06,3.375,0-5,Day3
627,Largemouth,Natural Rock,River,2 - 00,2.0,0-5,Day3
628,Largemouth,Natural Rock,Bays/Pockets,2 - 08,2.5,5-10,Day3
629,Largemouth,Rip Rap,Bays/Pockets,2 - 00,2.0,0-5,Day3
630,Largemouth,Boat Docks,Bays/Pockets,2 - 00,2.0,0-5,Day3
631,Largemouth,Point,Bays/Pockets,2 - 10,2.625,10-15,Day3
632,Largemouth,Boat Docks,Mid Section Main Lake,2 - 11,2.6875,5-10,Day3
633,Largemouth,Boat Docks,Bays/Pockets,2 - 11,2.6875,0-5,Day3
634,Largemouth,Natural Rock,Bays/Pockets,3 - 06,3.375,0-5,Day3
635,Largemouth,Boat Docks,Upper Section Main Lake,3 - 08,3.5,0-5,Day3
636,Largemouth,Natural Rock,Bays/Pockets,3 - 09,3.5625,0-5,Day3
637,Largemouth,Boat Docks,Mid Section Main Lake,2 - 02,2.125,5-10,Day3
638,Largemouth,Natural Rock,River,3 - 09,3.5625,0-5,Day3
639,Spotted,Natural Rock,Bays/Pockets,2 - 12,2.75,0-5,Day3
640,Largemouth,Natural Rock,Bays/Pockets,3 - 11,3.6875,0-5,Day3
641,Largemouth,Boat Docks,Lower Section Main Lake,3 - 09,3.5625,0-5,Day3
642,Largemouth,Boat Docks,Upper Section Main Lake,2 - 15,2.9375,0-5,Day3
643,Largemouth,Marinas,Mid Section Main Lake,2 - 01,2.0625,0-5,Day3
644,Largemouth,Rip Rap,Creeks,2 - 04,2.25,0-5,Day3
645,Largemouth,Bluff Walls,Bays/Pockets,3 - 04,3.25,0-5,Day3
646,Largemouth,Boat Docks,Bays/Pockets,4 - 06,4.375,5-10,Day3
647,Largemouth,Natural Rock,Bays/Pockets,5 - 02,5.125,5-10,Day3
648,Largemouth,Lay Downs,Upper Section Main Lake,4 - 00,4.0,0-5,Day3
649,Largemouth,Rip Rap,Bays/Pockets,3 - 09,3.5625,0-5,Day3
650,Largemouth,Point,Bays/Pockets,2 - 06,2.375,5-10,Day3
651,Largemouth,Boat Docks,Bays/Pockets,3 - 10,3.625,0-5,Day3
652,Largemouth,Boat Docks,Creeks,2 - 04,2.25,0-5,Day3
653,Largemouth,Rip Rap,Creeks,2 - 00,2.0,0-5,Day3
654,Largemouth,Natural Rock,Bays/Pockets,2 - 05,2.3125,0-5,Day4
655,Largemouth,Boat Docks,Bays/Pockets,3 - 00,3.0,0-5,Day4
656,Largemouth,Natural Rock,Mid Section Main Lake,2 - 03,2.1875,5-10,Day4
657,Largemouth,Sea Wall/Retaining Wall,Creeks,3 - 00,3.0,0-5,Day4
658,Largemouth,Natural Rock,Creeks,2 - 01,2.0625,5-10,Day4
659,Largemouth,Natural Rock,Bays/Pockets,2 - 09,2.5625,0-5,Day4
660,Largemouth,Individual Boat Ramp,Bays/Pockets,2 - 01,2.0625,0-5,Day4
661,Largemouth,Boat Docks,Bays/Pockets,5 - 05,5.3125,5-10,Day4
662,Largemouth,Boat Docks,Creeks,2 - 12,2.75,0-5,Day4
663,Largemouth,Natural Rock,River,4 - 00,4.0,5-10,Day4
664,Largemouth,Natural Rock,Mid Section Main Lake,2 - 02,2.125,0-5,Day4
665,Largemouth,Boat Docks,Creeks,2 - 04,2.25,5-10,Day4
666,Largemouth,Point,Upper Section Main Lake,5 - 05,5.3125,5-10,Day4
667,Largemouth,Natural Rock,Bays/Pockets,2 - 05,2.3125,0-5,Day4
668,Largemouth,Natural Rock,Bays/Pockets,2 - 03,2.1875,0-5,Day4
669,Spotted,Boat Docks,Bays/Pockets,2 - 10,2.625,5-10,Day4
670,Largemouth,Natural Rock,Creeks,2 - 06,2.375,5-10,Day4
671,Largemouth,Natural Rock,Bays/Pockets,3 - 02,3.125,0-5,Day4
672,Largemouth,Natural Rock,Bays/Pockets,2 - 05,2.3125,0-5,Day4
673,Largemouth,Natural Rock,Mid Section Main Lake,3 - 04,3.25,0-5,Day4
674,Largemouth,Natural Rock,Mid Section Main Lake,5 - 00,5.0,5-10,Day4
675,Largemouth,Natural Rock,Creeks,2 - 07,2.4375,0-5,Day4
676,Largemouth,Sea Wall/Retaining Wall,Creeks,4 - 01,4.0625,0-5,Day4
677,Largemouth,Boat Docks,Bays/Pockets,2 - 03,2.1875,0-5,Day4
678,Largemouth,Natural Rock,Bays/Pockets,2 - 02,2.125,5-10,Day4
679,Largemouth,Natural Rock,Bays/Pockets,3 - 11,3.6875,0-5,Day4
680,Largemouth,Natural Rock,River,4 - 01,4.0625,5-10,Day4
681,Largemouth,Natural Rock,River,2 - 02,2.125,0-5,Day4
682,Largemouth,Natural Rock,Bays/Pockets,3 - 01,3.0625,0-5,Day4
683,Largemouth,Marinas,Mid Section Main Lake,2 - 08,2.5,0-5,Day4
684,Largemouth,Boat Docks,Bays/Pockets,2 - 06,2.375,0-5,Day4
685,Largemouth,Rip Rap,Bays/Pockets,2 - 00,2.0,0-5,Day4
686,Largemouth,Boat Docks,Bays/Pockets,2 - 11,2.6875,0-5,Day4
687,Spotted,Natural Rock,Bays/Pockets,2 - 02,2.125,0-5,Day4
688,Largemouth,Natural Rock,River,2 - 00,2.0,5-10,Day4
689,Largemouth,Natural Rock,Bays/Pockets,2 - 03,2.1875,0-5,Day4
690,Largemouth,Natural Rock,River,2 - 08,2.5,5-10,Day4
691,Largemouth,Individual Boat Ramp,Bays/Pockets,2 - 09,2.5625,0-5,Day4
692,Largemouth,Boat Docks,Bays/Pockets,2 - 04,2.25,10-15,Day4
693,Largemouth,Natural Rock,Creeks,4 - 08,4.5,0-5,Day4
694,Largemouth,Boat Docks,Creeks,2 - 07,2.4375,0-5,Day4
695,Largemouth,Rip Rap,Bays/Pockets,2 - 02,2.125,0-5,Day4
696,Largemouth,Boat Docks,Upper Section Main Lake,2 - 10,2.625,5-10,Day4
697,Largemouth,Natural Rock,Creeks,3 - 15,3.9375,5-10,Day4
698,Largemouth,Natural Rock,Bays/Pockets,3 - 03,3.1875,0-5,Day4
699,Largemouth,Marinas,Mid Section Main Lake,3 - 10,3.625,0-5,Day4
700,Largemouth,Boat Docks,Bays/Pockets,2 - 12,2.75,0-5,Day4
701,Largemouth,Boat Docks,Creeks,2 - 03,2.1875,0-5,Day4
702,Largemouth,Natural Rock,Bays/Pockets,4 - 05,4.3125,0-5,Day4
703,Largemouth,Boat Docks,Creeks,3 - 00,3.0,5-10,Day4
704,Largemouth,Natural Rock,Creeks,2 - 09,2.5625,0-5,Day4
705,Largemouth,Rip Rap,Bays/Pockets,2 - 10,2.625,0-5,Day4
706,Largemouth,Natural Rock,Creeks,2 - 11,2.6875,5-10,Day4
707,Largemouth,Rip Rap,Mid Section Main Lake,2 - 13,2.8125,0-5,Day4
708,Largemouth,Natural Rock,Creeks,2 - 09,2.5625,5-10,Day4
709,Largemouth,Natural Rock,Bays/Pockets,2 - 00,2.0,5-10,Day4
710,Largemouth,Natural Rock,Bays/Pockets,4 - 03,4.1875,0-5,Day4
711,Largemouth,Natural Rock,Mid Section Main Lake,3 - 04,3.25,0-5,Day4
712,Largemouth,Boat Docks,Bays/Pockets,2 - 13,2.8125,5-10,Day4
713,Largemouth,Natural Rock,Creeks,2 - 14,2.875,0-5,Day4
714,Largemouth,Boat Docks,Upper Section Main Lake,3 - 13,3.8125,5-10,Day4
715,Largemouth,Buck Brush,Bays/Pockets,2 - 00,2.0,0-5,Day4
716,Largemouth,Boat Docks,Creeks,2 - 12,2.75,0-5,Day4
717,Largemouth,Natural Rock,Bays/Pockets,4 - 03,4.1875,0-5,Day4
718,Largemouth,Boat Docks,Creeks,5 - 10,5.625,0-5,Day4
719,Largemouth,Lay Downs,Bays/Pockets,2 - 11,2.6875,0-5,Day4
720,Largemouth,Marinas,Mid Section Main Lake,5 - 06,5.375,0-5,Day4
721,Largemouth,Boat Docks,Bays/Pockets,2 - 10,2.625,0-5,Day4
722,Largemouth,Marinas,Mid Section Main Lake,2 - 04,2.25,0-5,Day4
723,Largemouth,Marinas,Mid Section Main Lake,2 - 00,2.0,0-5,Day4
724,Largemouth,Boat Docks,Bays/Pockets,3 - 03,3.1875,0-5,Day4
725,Largemouth,Marinas,Mid Section Main Lake,2 - 02,2.125,0-5,Day4
726,Largemouth,Boat Docks,Bays/Pockets,4 - 01,4.0625,0-5,Day4
727,Largemouth,Natural Rock,Bays/Pockets,2 - 01,2.0625,0-5,Day4
728,Largemouth,Natural Rock,Mid Section Main Lake,2 - 00,2.0,0-5,Day4
729,Largemouth,Natural Rock,River,3 - 09,3.5625,5-10,Day4
730,Largemouth,Boat Docks,Bays/Pockets,3 - 09,3.5625,0-5,Day4
731,Largemouth,Boat Docks,Creeks,2 - 07,2.4375,0-5,Day4
732,Largemouth,Natural Rock,River,2 - 03,2.1875,0-5,Day4
733,Largemouth,Rip Rap,Bays/Pockets,2 - 05,2.3125,0-5,Day4
734,Largemouth,Rip Rap,Mid Section Main Lake,2 - 02,2.125,0-5,Day4
735,Largemouth,Natural Rock,River,5 - 04,5.25,5-10,Day4
736,Largemouth,Marinas,Mid Section Main Lake,2 - 08,2.5,0-5,Day4
737,Spotted,Natural Rock,River,2 - 01,2.0625,0-5,Day4
738,Largemouth,Boat Docks,Upper Section Main Lake,2 - 09,2.5625,5-10,Day4
739,Spotted,Rip Rap,Bays/Pockets,2 - 04,2.25,0-5,Day4
740,Spotted,Boat Docks,Bays/Pockets,2 - 13,2.8125,5-10,Day4
741,Largemouth,Boat Docks,Bays/Pockets,2 - 08,2.5,0-5,Day4
742,Largemouth,Natural Rock,Bays/Pockets,2 - 00,2.0,0-5,Day4
743,Largemouth,Natural Rock,Creeks,3 - 04,3.25,0-5,Day4
744,Largemouth,Natural Rock,Bays/Pockets,2 - 00,2.0,0-5,Day4
745,Largemouth,Natural Rock,Creeks,2 - 06,2.375,0-5,Day4
746,Largemouth,Boat Docks,Upper Section Main Lake,3 - 11,3.6875,0-5,Day4
747,Largemouth,Natural Rock,Bays/Pockets,3 - 06,3.375,0-5,Day4
748,Largemouth,Natural Rock,Bays/Pockets,2 - 02,2.125,0-5,Day4
749,Largemouth,Natural Rock,River,2 - 04,2.25,0-5,Day4
750,Largemouth,Boat Docks,Bays/Pockets,4 - 12,4.75,5-10,Day4
751,Largemouth,Boat Docks,Creeks,3 - 02,3.125,5-10,Day4
752,Largemouth,Boat Docks,Bays/Pockets,3 - 01,3.0625,5-10,Day4
753,Largemouth,Boat Docks,Bays/Pockets,3 - 04,3.25,0-5,Day4
754,Largemouth,Individual Boat Ramp,Bays/Pockets,2 - 06,2.375,0-5,Day4
755,Largemouth,Natural Rock,Bays/Pockets,4 - 04,4.25,0-5,Day4
756,Spotted,Rip Rap,Bays/Pockets,3 - 07,3.4375,0-5,Day4
757,Largemouth,Boat Docks,Mid Section Main Lake,2 - 10,2.625,0-5,Day4
758,Largemouth,Natural Rock,Bays/Pockets,2 - 11,2.6875,0-5,Day4
759,Largemouth,Natural Rock,Bays/Pockets,3 - 06,3.375,0-5,Day4
760,Largemouth,Boat Docks,Creeks,2 - 11,2.6875,5-10,Day4
761,Largemouth,Natural Rock,Mid Section Main Lake,3 - 09,3.5625,0-5,Day4
762,Largemouth,Boat Docks,Creeks,3 - 08,3.5,0-5,Day4
763,Largemouth,Boat Docks,Creeks,3 - 06,3.375,5-10,Day4
764,Largemouth,Natural Rock,River,2 - 12,2.75,5-10,Day4
765,Largemouth,Marinas,Mid Section Main Lake,2 - 00,2.0,0-5,Day4
766,Largemouth,Marinas,Mid Section Main Lake,2 - 00,2.0,0-5,Day4
767,Largemouth,Boat Docks,Bays/Pockets,4 - 08,4.5,5-10,Day4
768,Spotted,Rip Rap,Bays/Pockets,2 - 05,2.3125,0-5,Day4
769,Largemouth,Natural Rock,Bays/Pockets,2 - 02,2.125,0-5,Day4
770,Largemouth,Natural Rock,Creeks,5 - 09,5.5625,0-5,Day4
771,Largemouth,Boat Docks,Upper Section Main Lake,2 - 05,2.3125,0-5,Day4
772,Largemouth,Bluff Walls,Creeks,2 - 03,2.1875,0-5,Day4
773,Largemouth,Natural Rock,River,2 - 02,2.125,0-5,Day4
774,Largemouth,Boat Docks,Bays/Pockets,2 - 11,2.6875,0-5,Day4
775,Largemouth,Boat Docks,Bays/Pockets,2 - 07,2.4375,0-5,Day4
776,Largemouth,Marinas,Bays/Pockets,2 - 12,2.75,0-5,Day4
777,Largemouth,Boat Docks,Creeks,2 - 04,2.25,5-10,Day4
778,Largemouth,Boat Docks,Bays/Pockets,2 - 02,2.125,0-5,Day4
779,Largemouth,Boat Docks,Creeks,2 - 11,2.6875,0-5,Day4
780,Largemouth,Natural Rock,River,2 - 07,2.4375,5-10,Day4
781,Largemouth,Natural Rock,Mid Section Main Lake,2 - 04,2.25,0-5,Day4
782,Largemouth,Boat Docks,Upper Section Main Lake,2 - 12,2.75,5-10,Day4
783,Largemouth,Natural Rock,Creeks,2 - 07,2.4375,0-5,Day4
784,Largemouth,Boat Docks,Bays/Pockets,4 - 11,4.6875,5-10,Day4
785,Largemouth,Boat Docks,Bays/Pockets,2 - 08,2.5,0-5,Day4
786,Largemouth,Natural Rock,Bays/Pockets,2 - 07,2.4375,0-5,Day4
787,Largemouth,Natural Rock,River,2 - 09,2.5625,0-5,Day4
788,Largemouth,Natural Rock,Bays/Pockets,3 - 10,3.625,0-5,Day4
789,Largemouth,Natural Rock,River,2 - 03,2.1875,5-10,Day4
790,Largemouth,Natural Rock,Creeks,4 - 09,4.5625,0-5,Day4
791,Largemouth,Natural Rock,Bays/Pockets,3 - 14,3.875,0-5,Day4
792,Largemouth,Marinas,Mid Section Main Lake,4 - 01,4.0625,0-5,Day4
793,Largemouth,Boat Docks,Mid Section Main Lake,2 - 15,2.9375,0-5,Day4
794,Largemouth,Natural Rock,River,3 - 11,3.6875,0-5,Day4
795,Largemouth,Natural Rock,Bays/Pockets,2 - 13,2.8125,5-10,Day4
796,Largemouth,Natural Rock,Bays/Pockets,2 - 13,2.8125,0-5,Day4
797,Largemouth,Boat Docks,Upper Section Main Lake,5 - 06,5.375,5-10,Day4
798,Largemouth,Natural Rock,Bays/Pockets,3 - 12,3.75,0-5,Day4
799,Largemouth,Natural Rock,River,2 - 01,2.0625,5-10,Day4
800,Largemouth,Boat Docks,Creeks,3 - 02,3.125,0-5,Day4
801,Largemouth,Boat Docks,Bays/Pockets,2 - 03,2.1875,0-5,Day4
802,Largemouth,Rip Rap,Bays/Pockets,2 - 06,2.375,0-5,Day4
803,Largemouth,Natural Rock,Mid Section Main Lake,2 - 02,2.125,0-5,Day4
804,Largemouth,Natural Rock,Bays/Pockets,2 - 00,2.0,5-10,Day4
805,Largemouth,Marinas,Mid Section Main Lake,5 - 01,5.0625,0-5,Day4
806,Largemouth,Boat Docks,Creeks,5 - 14,5.875,0-5,Day4
807,Largemouth,Boat Docks,Bays/Pockets,2 - 13,2.8125,0-5,Day4
808,Largemouth,Marinas,Mid Section Main Lake,2 - 04,2.25,0-5,Day4
809,Largemouth,Boat Docks,Creeks,2 - 01,2.0625,5-10,Day4
810,Largemouth,Brush Pile,Bays/Pockets,2 - 04,2.25,0-5,Day4
811,Largemouth,Natural Rock,Bays/Pockets,4 - 09,4.5625,0-5,Day4
812,Largemouth,Natural Rock,Bays/Pockets,3 - 11,3.6875,0-5,Day4
813,Largemouth,Natural Rock,Bays/Pockets,3 - 00,3.0,0-5,Day4
814,Largemouth,Marinas,Mid Section Main Lake,2 - 00,2.0,0-5,Day4
815,Largemouth,Boat Docks,Upper Section Main Lake,3 - 10,3.625,0-5,Day4
816,Largemouth,Lay Downs,Bays/Pockets,4 - 12,4.75,0-5,Day4
817,Largemouth,Boat Docks,Bays/Pockets,2 - 00,2.0,0-5,Day4
818,Largemouth,Boat Docks,Creeks,3 - 14,3.875,0-5,Day4
819,Largemouth,Boat Docks,Upper Section Main Lake,5 - 03,5.1875,0-5,Day4
820,Largemouth,Natural Rock,River,2 - 08,2.5,0-5,Day4
821,Largemouth,Bluff Walls,Creeks,2 - 07,2.4375,0-5,Day4
822,Largemouth,Natural Rock,River,2 - 01,2.0625,0-5,Day4
823,Largemouth,Natural Rock,River,2 - 13,2.8125,0-5,Day4
824,Largemouth,Natural Rock,Bays/Pockets,2 - 09,2.5625,0-5,Day4
825,Largemouth,Natural Rock,Bays/Pockets,2 - 11,2.6875,0-5,Day4
826,Largemouth,Natural Rock,River,4 - 08,4.5,0-5,Day4
827,Largemouth,Bluff Walls,Creeks,2 - 03,2.1875,0-5,Day4
828,Largemouth,Natural Rock,Bays/Pockets,4 - 05,4.3125,0-5,Day4
829,Largemouth,Boat Docks,Creeks,2 - 11,2.6875,5-10,Day4
830,Spotted,Rip Rap,Bays/Pockets,2 - 05,2.3125,0-5,Day4
831,Largemouth,Boat Docks,Bays/Pockets,2 - 07,2.4375,0-5,Day4
832,Largemouth,Natural Rock,River,2 - 00,2.0,5-10,Day4
833,Largemouth,Natural Rock,Bays/Pockets,2 - 01,2.0625,0-5,Day4
834,Largemouth,Boat Docks,Bays/Pockets,2 - 11,2.6875,0-5,Day4
835,Largemouth,Boat Docks,Bays/Pockets,2 - 11,2.6875,0-5,Day4
836,Largemouth,Natural Rock,Bays/Pockets,2 - 08,2.5,0-5,Day4
837,Largemouth,Natural Rock,Bays/Pockets,2 - 09,2.5625,0-5,Day4
838,Largemouth,Boat Docks,Upper Section Main Lake,2 - 14,2.875,0-5,Day4
839,Largemouth,Natural Rock,Creeks,4 - 00,4.0,0-5,Day4
840,Largemouth,Boat Docks,Creeks,2 - 07,2.4375,5-10,Day4
841,Largemouth,Natural Rock,Bays/Pockets,4 - 06,4.375,0-5,Day4
842,Largemouth,Natural Rock,Bays/Pockets,2 - 02,2.125,0-5,Day4
843,Largemouth,Boat Docks,Creeks,2 - 02,2.125,0-5,Day4
844,Largemouth,Natural Rock,Bays/Pockets,2 - 12,2.75,0-5,Day4
845,Largemouth,Natural Rock,Bays/Pockets,4 - 00,4.0,0-5,Day4
846,Largemouth,Natural Rock,Bays/Pockets,2 - 03,2.1875,0-5,Day4
847,Largemouth,Natural Rock,Creeks,5 - 05,5.3125,0-5,Day4
848,Largemouth,Boat Docks,Bays/Pockets,2 - 00,2.0,0-5,Day4
849,Largemouth,Natural Rock,Creeks,2 - 11,2.6875,0-5,Day4
850,Largemouth,Natural Rock,Mid Section Main Lake,3 - 07,3.4375,0-5,Day4
851,Largemouth,Natural Rock,Bays/Pockets,4 - 11,4.6875,5-10,Day4
852,Largemouth,Marinas,Mid Section Main Lake,3 - 03,3.1875,0-5,Day4
853,Largemouth,Boat Docks,Mid Section Main Lake,4 - 03,4.1875,0-5,Day4
854,Largemouth,Natural Rock,Mid Section Main Lake,2 - 00,2.0,0-5,Day4
855,Largemouth,Natural Rock,Bays/Pockets,2 - 04,2.25,5-10,Day4
856,Largemouth,Natural Rock,Bays/Pockets,2 - 11,2.6875,0-5,Day4
857,Largemouth,Natural Rock,Bays/Pockets,2 - 05,2.3125,0-5,Day5
858,Largemouth,Boat Docks,Upper Section Main Lake,2 - 01,2.0625,0-5,Day5
859,Spotted,Bluff Walls,Mid Section Main Lake,2 - 00,2.0,15-20,Day5
860,Largemouth,Boat Docks,Bays/Pockets,2 - 05,2.3125,0-5,Day5
861,Largemouth,Bluff Walls,Bays/Pockets,2 - 03,2.1875,0-5,Day5
862,Largemouth,Boat Docks,Mid Section Main Lake,2 - 15,2.9375,0-5,Day5
863,Largemouth,Natural Rock,Creeks,3 - 03,3.1875,0-5,Day5
864,Largemouth,Bluff Walls,Mid Section Main Lake,4 - 01,4.0625,5-10,Day5
865,Largemouth,Natural Rock,Lower Section Main Lake,2 - 03,2.1875,0-5,Day5
866,Largemouth,Boat Docks,Bays/Pockets,2 - 08,2.5,10-15,Day5
867,Largemouth,Boat Docks,Bays/Pockets,3 - 00,3.0,0-5,Day5
868,Spotted,Natural Rock,Bays/Pockets,2 - 02,2.125,0-5,Day5
869,Largemouth,Natural Rock,Bays/Pockets,5 - 04,5.25,0-5,Day5
870,Largemouth,Bluff Walls,Bays/Pockets,2 - 10,2.625,5-10,Day5
871,Largemouth,Natural Rock,River,3 - 11,3.6875,0-5,Day5
872,Largemouth,Natural Rock,Bays/Pockets,3 - 12,3.75,0-5,Day5
873,Largemouth,Boat Docks,Mid Section Main Lake,2 - 10,2.625,0-5,Day5
874,Largemouth,Natural Rock,Lower Section Main Lake,3 - 04,3.25,0-5,Day5
875,Largemouth,Boat Docks,Bays/Pockets,2 - 02,2.125,10-15,Day5
876,Largemouth,Boat Docks,Bays/Pockets,2 - 12,2.75,5-10,Day5
877,Largemouth,Bluff Walls,Creeks,2 - 14,2.875,0-5,Day5
878,Largemouth,Boat Docks,Bays/Pockets,2 - 01,2.0625,0-5,Day5
879,Largemouth,Natural Rock,Lower Section Main Lake,3 - 06,3.375,0-5,Day5
880,Largemouth,Natural Rock,Bays/Pockets,3 - 02,3.125,0-5,Day5
881,Largemouth,Point,River,4 - 03,4.1875,10-15,Day5
882,Largemouth,Point,River,2 - 02,2.125,10-15,Day5
883,Largemouth,Rip Rap,Bays/Pockets,2 - 10,2.625,0-5,Day5
884,Largemouth,Lay Downs,Creeks,3 - 10,3.625,0-5,Day5
885,Largemouth,Natural Rock,Bays/Pockets,4 - 02,4.125,0-5,Day5
886,Largemouth,Boat Docks,Bays/Pockets,2 - 09,2.5625,0-5,Day5
887,Largemouth,Natural Rock,Lower Section Main Lake,2 - 08,2.5,5-10,Day5
888,Largemouth,Brush Pile,Bays/Pockets,4 - 03,4.1875,0-5,Day5
889,Largemouth,Boat Docks,Bays/Pockets,4 - 11,4.6875,0-5,Day5
890,Largemouth,Natural Rock,Bays/Pockets,2 - 00,2.0,0-5,Day5
891,Largemouth,Natural Rock,Bays/Pockets,2 - 04,2.25,0-5,Day5
892,Largemouth,Boat Docks,Mid Section Main Lake,3 - 12,3.75,0-5,Day5
893,Largemouth,Boat Docks,Bays/Pockets,2 - 07,2.4375,0-5,Day5
894,Largemouth,Natural Rock,Bays/Pockets,3 - 07,3.4375,0-5,Day5
895,Largemouth,Natural Rock,Bays/Pockets,2 - 01,2.0625,0-5,Day5
896,Largemouth,Boat Docks,Bays/Pockets,2 - 11,2.6875,0-5,Day5
897,Largemouth,Boat Docks,Bays/Pockets,3 - 13,3.8125,0-5,Day5
898,Largemouth,Natural Rock,Creeks,2 - 07,2.4375,0-5,Day5
899,Spotted,Bluff Walls,Bays/Pockets,2 - 15,2.9375,0-5,Day5
900,Largemouth,Boat Docks,Upper Section Main Lake,5 - 05,5.3125,5-10,Day5
901,Largemouth,Boat Docks,Upper Section Main Lake,3 - 00,3.0,5-10,Day5
902,Largemouth,Boat Docks,Upper Section Main Lake,3 - 02,3.125,0-5,Day5
903,Largemouth,Natural Rock,Creeks,3 - 04,3.25,0-5,Day5
904,Largemouth,Natural Rock,Bays/Pockets,4 - 08,4.5,0-5,Day5
905,Largemouth,Boat Docks,Bays/Pockets,2 - 08,2.5,10-15,Day5
906,Largemouth,Lay Downs,Creeks,2 - 02,2.125,0-5,Day5
907,Largemouth,Boat Docks,Bays/Pockets,2 - 07,2.4375,0-5,Day5
908,Largemouth,Boat Docks,Bays/Pockets,2 - 02,2.125,0-5,Day5
909,Largemouth,Natural Rock,Bays/Pockets,2 - 14,2.875,0-5,Day5
910,Largemouth,Boat Docks,Bays/Pockets,2 - 00,2.0,0-5,Day5
911,Largemouth,Boat Docks,Bays/Pockets,2 - 10,2.625,0-5,Day5
912,Largemouth,Boat Docks,Bays/Pockets,2 - 03,2.1875,0-5,Day5
913,Largemouth,Point,Upper Section Main Lake,2 - 05,2.3125,5-10,Day5
914,Largemouth,Lay Downs,Creeks,2 - 11,2.6875,0-5,Day5
915,Largemouth,Boat Docks,Upper Section Main Lake,2 - 00,2.0,0-5,Day5
916,Largemouth,Boat Docks,Creeks,2 - 07,2.4375,0-5,Day5
917,Largemouth,Natural Rock,Bays/Pockets,4 - 04,4.25,0-5,Day5
918,Largemouth,Natural Rock,Creeks,2 - 00,2.0,0-5,Day5
919,Largemouth,Natural Rock,Lower Section Main Lake,5 - 06,5.375,5-10,Day5
920,Largemouth,Boat Docks,Bays/Pockets,3 - 04,3.25,0-5,Day5
921,Largemouth,Natural Rock,Bays/Pockets,3 - 01,3.0625,0-5,Day5
922,Largemouth,Natural Rock,River,2 - 12,2.75,0-5,Day5
923,Spotted,Bluff Walls,Bays/Pockets,2 - 14,2.875,0-5,Day5
924,Largemouth,Lay Downs,Creeks,2 - 04,2.25,0-5,Day5
925,Largemouth,Natural Rock,Bays/Pockets,4 - 03,4.1875,0-5,Day5
926,Largemouth,Natural Rock,Bays/Pockets,3 - 08,3.5,0-5,Day5
927,Largemouth,Point,River,2 - 01,2.0625,10-15,Day5
928,Largemouth,Natural Rock,Creeks,2 - 00,2.0,0-5,Day5
929,Largemouth,Natural Rock,Lower Section Main Lake,3 - 02,3.125,0-5,Day5
930,Largemouth,Bluff Walls,Creeks,3 - 08,3.5,0-5,Day5
931,Largemouth,Boat Docks,Bays/Pockets,2 - 05,2.3125,0-5,Day5
932,Largemouth,Boat Docks,Bays/Pockets,3 - 03,3.1875,5-10,Day5
933,Largemouth,Lay Downs,Creeks,3 - 12,3.75,0-5,Day5
934,Largemouth,Natural Rock,Bays/Pockets,3 - 09,3.5625,0-5,Day5
935,Largemouth,Boat Docks,Bays/Pockets,3 - 08,3.5,0-5,Day5
936,Largemouth,Boat Docks,Mid Section Main Lake,2 - 08,2.5,0-5,Day5
937,Largemouth,Natural Rock,Bays/Pockets,2 - 03,2.1875,0-5,Day5
938,Largemouth,Boat Docks,Bays/Pockets,2 - 00,2.0,0-5,Day5
939,Largemouth,Boat Docks,Bays/Pockets,2 - 07,2.4375,0-5,Day5
940,Largemouth,Boat Docks,Bays/Pockets,3 - 00,3.0,0-5,Day5
941,Largemouth,Marinas,Mid Section Main Lake,2 - 00,2.0,0-5,Day5
942,Largemouth,Natural Rock,Bays/Pockets,3 - 09,3.5625,0-5,Day5
943,Largemouth,Boat Docks,Creeks,2 - 03,2.1875,0-5,Day5
944,Largemouth,Boat Docks,Bays/Pockets,2 - 02,2.125,5-10,Day5
945,Largemouth,Boat Docks,Bays/Pockets,2 - 03,2.1875,0-5,Day5
946,Largemouth,Lay Downs,Bays/Pockets,3 - 07,3.4375,0-5,Day5
947,Largemouth,Natural Rock,Bays/Pockets,3 - 06,3.375,0-5,Day5
948,Spotted,Boat Docks,Mid Section Main Lake,2 - 01,2.0625,0-5,Day5
949,Largemouth,Marinas,Mid Section Main Lake,2 - 04,2.25,0-5,Day5
950,Largemouth,Boat Docks,Mid Section Main Lake,2 - 02,2.125,0-5,Day5
951,Largemouth,Natural Rock,Bays/Pockets,2 - 08,2.5,0-5,Day5
952,Largemouth,Natural Rock,Lower Section Main Lake,3 - 03,3.1875,0-5,Day5
953,Largemouth,Natural Rock,Creeks,3 - 08,3.5,0-5,Day5
954,Largemouth,Boat Docks,Creeks,2 - 08,2.5,0-5,Day5
955,Largemouth,Natural Rock,Bays/Pockets,4 - 03,4.1875,0-5,Day5
956,Largemouth,Boat Docks,Bays/Pockets,2 - 04,2.25,0-5,Day5
957,Largemouth,Bluff Walls,Creeks,3 - 08,3.5,0-5,Day5
958,Largemouth,Natural Rock,Bays/Pockets,3 - 01,3.0625,0-5,Day5
959,Largemouth,Natural Rock,Lower Section Main Lake,2 - 01,2.0625,5-10,Day5
960,Largemouth,Boat Docks,Bays/Pockets,2 - 07,2.4375,0-5,Day5
961,Largemouth,Lay Downs,Bays/Pockets,2 - 14,2.875,0-5,Day5
962,Largemouth,Boat Docks,Bays/Pockets,5 - 15,5.9375,0-5,Day5
963,Largemouth,Natural Rock,Creeks,2 - 06,2.375,5-10,Day5
964,Largemouth,Lay Downs,Bays/Pockets,3 - 12,3.75,0-5,Day5
965,Largemouth,Natural Rock,Lower Section Main Lake,2 - 00,2.0,5-10,Day5
966,Largemouth,Boat Docks,Bays/Pockets,2 - 07,2.4375,0-5,Day5
967,Largemouth,Lay Downs,Bays/Pockets,2 - 08,2.5,0-5,Day5
968,Largemouth,Boat Docks,Bays/Pockets,2 - 10,2.625,0-5,Day5
969,Largemouth,Natural Rock,Creeks,2 - 00,2.0,0-5,Day5
970,Largemouth,Boat Docks,Bays/Pockets,2 - 10,2.625,5-10,Day5
971,Largemouth,Boat Docks,Creeks,3 - 06,3.375,0-5,Day5
972,Largemouth,Natural Rock,Lower Section Main Lake,2 - 02,2.125,0-5,Day5
973,Largemouth,Natural Rock,Lower Section Main Lake,2 - 01,2.0625,5-10,Day5
974,Spotted,Boat Docks,Mid Section Main Lake,2 - 04,2.25,0-5,Day5
975,Largemouth,Boat Docks,Bays/Pockets,2 - 11,2.6875,0-5,Day5
976,Largemouth,Natural Rock,River,3 - 15,3.9375,0-5,Day5
977,Largemouth,Natural Rock,Bays/Pockets,2 - 11,2.6875,0-5,Day5
978,Spotted,Boat Docks,Mid Section Main Lake,2 - 10,2.625,0-5,Day5
979,Largemouth,Natural Rock,Bays/Pockets,2 - 10,2.625,0-5,Day5
980,Largemouth,Natural Rock,Bays/Pockets,3 - 13,3.8125,0-5,Day5
981,Largemouth,Boat Docks,Creeks,3 - 04,3.25,0-5,Day5
982,Largemouth,Natural Rock,Creeks,2 - 01,2.0625,0-5,Day5
983,Largemouth,Natural Rock,Bays/Pockets,2 - 02,2.125,0-5,Day5
984,Largemouth,Boat Docks,Bays/Pockets,2 - 03,2.1875,5-10,Day5
985,Largemouth,Boat Docks,Bays/Pockets,2 - 06,2.375,0-5,Day5
986,Largemouth,Boat Docks,Bays/Pockets,2 - 08,2.5,0-5,Day5
987,Largemouth,Natural Rock,Bays/Pockets,2 - 06,2.375,0-5,Day5
988,Largemouth,Offshore,Bays/Pockets,2 - 02,2.125,5-10,Day5
989,Largemouth,Boat Docks,Bays/Pockets,2 - 00,2.0,0-5,Day5
990,Largemouth,Natural Rock,Lower Section Main Lake,2 - 04,2.25,0-5,Day5
991,Largemouth,Natural Rock,Bays/Pockets,2 - 01,2.0625,0-5,Day5
992,Largemouth,Boat Docks,Bays/Pockets,3 - 02,3.125,0-5,Day5
993,Largemouth,Boat Docks,Bays/Pockets,2 - 07,2.4375,0-5,Day5
994,Largemouth,Boat Docks,Bays/Pockets,5 - 00,5.0,10-15,Day5
995,Spotted,Bluff Walls,Bays/Pockets,2 - 00,2.0,0-5,Day5
996,Largemouth,Bluff Walls,Bays/Pockets,4 - 13,4.8125,5-10,Day5
997,Largemouth,Point,River,2 - 03,2.1875,10-15,Day5
998,Largemouth,Boat Docks,Bays/Pockets,3 - 01,3.0625,5-10,Day5
999,Largemouth,Natural Rock,Creeks,3 - 02,3.125,0-5,Day5
1000,Largemouth,Natural Rock,Creeks,2 - 00,2.0,0-5,Day5
1001,Largemouth,Boat Docks,Bays/Pockets,2 - 04,2.25,0-5,Day5
1002,Spotted,Natural Rock,Bays/Pockets,2 - 11,2.6875,0-5,Day5
1003,Largemouth,Natural Rock,Creeks,2 - 01,2.0625,0-5,Day5
1004,Largemouth,Point,River,5 - 10,5.625,10-15,Day5
1005,Largemouth,Boat Docks,Mid Section Main Lake,3 - 15,3.9375,0-5,Day5
1006,Largemouth,Boat Docks,Creeks,3 - 03,3.1875,0-5,Day5
1007,Largemouth,Natural Rock,Creeks,4 - 00,4.0,0-5,Day5
1008,Largemouth,Lay Downs,Bays/Pockets,2 - 00,2.0,0-5,Day5
1009,Largemouth,Boat Docks,Bays/Pockets,2 - 02,2.125,0-5,Day5
1010,Largemouth,Lay Downs,Bays/Pockets,2 - 07,2.4375,0-5,Day5
1011,Largemouth,Natural Rock,Bays/Pockets,2 - 03,2.1875,0-5,Day5
1012,Largemouth,Boat Docks,Bays/Pockets,2 - 13,2.8125,5-10,Day5
1013,Largemouth,Boat Docks,Bays/Pockets,4 - 12,4.75,5-10,Day5
1014,Largemouth,Lay Downs,Bays/Pockets,3 - 04,3.25,0-5,Day5
1015,Largemouth,Natural Rock,Creeks,2 - 02,2.125,0-5,Day5
1016,Largemouth,Natural Rock,Bays/Pockets,2 - 14,2.875,0-5,Day5
1017,Largemouth,Natural Rock,Lower Section Main Lake,6 - 01,6.0625,5-10,Day5
1018,Spotted,Natural Rock,Bays/Pockets,2 - 10,2.625,0-5,Day5
1019,Largemouth,Boat Docks,Creeks,4 - 04,4.25,0-5,Day5
1020,Largemouth,Marinas,Mid Section Main Lake,2 - 15,2.9375,0-5,Day5
1021,Spotted,Natural Rock,Bays/Pockets,2 - 00,2.0,0-5,Day5
1022,Largemouth,Natural Rock,Creeks,3 - 10,3.625,0-5,Day5
1023,Largemouth,Boat Docks,Upper Section Main Lake,2 - 00,2.0,0-5,Day5
1024,Spotted,Bluff Walls,Bays/Pockets,2 - 04,2.25,0-5,Day5
1025,Largemouth,Boat Docks,Bays/Pockets,2 - 04,2.25,0-5,Day5
1026,Largemouth,Natural Rock,Bays/Pockets,2 - 06,2.375,0-5,Day5
1027,Largemouth,Point,River,3 - 05,3.3125,10-15,Day5
1028,Largemouth,Natural Rock,Bays/Pockets,2 - 01,2.0625,0-5,Day5
1029,Largemouth,Natural Rock,Bays/Pockets,3 - 10,3.625,0-5,Day5
1030,Largemouth,Boat Docks,Bays/Pockets,2 - 00,2.0,0-5,Day5
1031,Largemouth,Natural Rock,Bays/Pockets,2 - 03,2.1875,0-5,Day5
1032,Largemouth,Marinas,Mid Section Main Lake,3 - 14,3.875,0-5,Day5
1033,Largemouth,Natural Rock,Bays/Pockets,3 - 03,3.1875,0-5,Day5
1034,Largemouth,Boat Docks,Bays/Pockets,2 - 04,2.25,0-5,Day5
1035,Largemouth,Natural Rock,Bays/Pockets,4 - 06,4.375,0-5,Day5
1036,Largemouth,Point,Upper Section Main Lake,2 - 06,2.375,5-10,Day5
1037,Largemouth,Boat Docks,Bays/Pockets,2 - 07,2.4375,0-5,Day5
1038,Largemouth,Boat Docks,Mid Section Main Lake,4 - 00,4.0,0-5,Day5
1039,Largemouth,Boat Docks,Bays/Pockets,3 - 08,3.5,0-5,Day5
1040,Largemouth,Natural Rock,Creeks,5 - 15,5.9375,0-5,Day5
1041,Largemouth,Boat Docks,Bays/Pockets,3 - 02,3.125,0-5,Day5
1042,Spotted,Natural Rock,Bays/Pockets,2 - 00,2.0,0-5,Day5
1043,Spotted,Natural Rock,Lower Section Main Lake,2 - 00,2.0,0-5,Day5
1044,Largemouth,Natural Rock,Creeks,2 - 03,2.1875,0-5,Day5
1045,Largemouth,Natural Rock,Creeks,5 - 14,5.875,0-5,Day5
1046,Largemouth,Boat Docks,Upper Section Main Lake,2 - 00,2.0,0-5,Day5
1047,Largemouth,Point,Upper Section Main Lake,3 - 12,3.75,5-10,Day5
1048,Largemouth,Boat Docks,Upper Section Main Lake,2 - 02,2.125,0-5,Day5
1049,Largemouth,Natural Rock,Bays/Pockets,2 - 00,2.0,0-5,Day5
1050,Largemouth,Marinas,Mid Section Main Lake,2 - 00,2.0,0-5,Day5
1051,Largemouth,Bluff Walls,Bays/Pockets,2 - 03,2.1875,0-5,Day5
1052,Largemouth,Boat Docks,Bays/Pockets,2 - 01,2.0625,0-5,Day5
1053,Largemouth,Boat Docks,Creeks,2 - 05,2.3125,0-5,Day5
1054,Largemouth,Natural Rock,Creeks,2 - 08,2.5,0-5,Day5
1055,Largemouth,Boat Docks,Bays/Pockets,4 - 04,4.25,0-5,Day5
1056,Largemouth,Boat Docks,Bays/Pockets,3 - 10,3.625,5-10,Day5
1057,Largemouth,Boat Docks,Bays/Pockets,3 - 00,3.0,5-10,Day5
1058,Largemouth,Natural Rock,Lower Section Main Lake,2 - 02,2.125,0-5,Day5
1059,Largemouth,Natural Rock,Bays/Pockets,4 - 10,4.625,0-5,Day5
1060,Largemouth,Marinas,Mid Section Main Lake,2 - 06,2.375,0-5,Day5
1061,Largemouth,Natural Rock,Bays/Pockets,2 - 13,2.8125,0-5,Day5
1062,Spotted,Natural Rock,Mid Section Main Lake,2 - 15,2.9375,0-5,Day5
1063,Largemouth,Boat Docks,Bays/Pockets,3 - 00,3.0,0-5,Day5
1064,Spotted,Natural Rock,Mid Section Main Lake,2 - 09,2.5625,0-5,Day5
1065,Largemouth,Boat Docks,Bays/Pockets,2 - 10,2.625,0-5,Day5
1066,Largemouth,Boat Docks,Bays/Pockets,2 - 04,2.25,5-10,Day5
1067,Largemouth,Lay Downs,Bays/Pockets,4 - 02,4.125,0-5,Day5
1068,Largemouth,Marinas,Mid Section Main Lake,3 - 10,3.625,0-5,Day5
1069,Largemouth,Natural Rock,Bays/Pockets,2 - 02,2.125,0-5,Day5
1070,Largemouth,Boat Docks,Bays/Pockets,3 - 04,3.25,0-5,Day5
1071,Largemouth,Bluff Walls,Creeks,2 - 15,2.9375,0-5,Day5
1072,Largemouth,Natural Rock,Bays/Pockets,2 - 13,2.8125,0-5,Day5
1073,Largemouth,Natural Rock,Lower Section Main Lake,4 - 04,4.25,5-10,Day5
1074,Largemouth,Not Available/Other,Bays/Pockets,4 - 03,4.1875,0-5,Day5
1075,Largemouth,Natural Rock,Creeks,2 - 01,2.0625,0-5,Day5
1076,Largemouth,Natural Rock,Creeks,2 - 12,2.75,0-5,Day5
1077,Largemouth,Bluff Walls,Bays/Pockets,2 - 10,2.625,5-10,Day5
1078,Spotted,Boat Docks,Lower Section Main Lake,2 - 03,2.1875,0-5,Day5
1079,Largemouth,Point,Upper Section Main Lake,4 - 07,4.4375,5-10,Day5
1080,Largemouth,Boat Docks,Bays/Pockets,2 - 09,2.5625,0-5,Day5
1081,Largemouth,Boat Docks,Mid Section Main Lake,3 - 00,3.0,0-5,Day5
1082,Largemouth,Boat Docks,Bays/Pockets,3 - 10,3.625,0-5,Day5
1083,Largemouth,Boat Docks,Bays/Pockets,3 - 07,3.4375,0-5,Day5
1084,Largemouth,Not Available/Other,Bays/Pockets,3 - 07,3.4375,0-5,Day5
1085,Largemouth,Bluff Walls,Bays/Pockets,3 - 03,3.1875,5-10,Day5
1086,Largemouth,Natural Rock,River,4 - 13,4.8125,0-5,Day5
1087,Largemouth,Natural Rock,Upper Section Main Lake,2 - 10,2.625,0-5,Day5
1088,Largemouth,Boat Docks,Creeks,3 - 00,3.0,0-5,Day5
1089,Largemouth,Natural Rock,Lower Section Main Lake,2 - 06,2.375,0-5,Day5
1090,Largemouth,Bluff Walls,Creeks,2 - 00,2.0,0-5,Day5
1091,Largemouth,Natural Rock,Creeks,2 - 02,2.125,0-5,Day5
1092,Largemouth,Natural Rock,Upper Section Main Lake,2 - 05,2.3125,0-5,Day5
1093,Largemouth,Brush Pile,Bays/Pockets,3 - 13,3.8125,0-5,Day5
1094,Largemouth,Boat Docks,Bays/Pockets,4 - 04,4.25,0-5,Day5
1095,Largemouth,Lay Downs,Bays/Pockets,2 - 11,2.6875,0-5,Day5
1096,Largemouth,Natural Rock,Bays/Pockets,2 - 14,2.875,0-5,Day5
1097,Largemouth,Point,Upper Section Main Lake,5 - 13,5.8125,5-10,Day5
